stage,case_id,shape,seed,input_sha256,strategy,mode,n,run_count,run_lengths,plan,comparisons,check_comparisons,sort_comparisons,bound,tree_budget,conditional_applicable,conditional_bound,cost_source,median_ns,min_ns,max_ns,samples_ns
smoke,smoke-810001-13-random,random,810001,263ab3a58649be40d14270b5dda79461b8229e092a63eace3d54cf7abb8c8acb,merge,reference,13,7,"[2, 2, 1, 2, 2, 3, 1]",merge,34,0,34,52,,True,52,measured and independently checked,48416,48375,49834,"[49834, 48416, 48375]"
smoke,smoke-810001-13-random,random,810001,263ab3a58649be40d14270b5dda79461b8229e092a63eace3d54cf7abb8c8acb,merge,counted,13,7,"[2, 2, 1, 2, 2, 3, 1]",merge,34,0,34,52,,True,52,measured and independently checked,33833,33292,34292,"[34292, 33833, 33292]"
smoke,smoke-810001-13-random,random,810001,263ab3a58649be40d14270b5dda79461b8229e092a63eace3d54cf7abb8c8acb,merge,plain,13,7,"[2, 2, 1, 2, 2, 3, 1]",merge,34,0,34,52,,True,52,proved symbolic instrumentation (not maintained),12125,12083,13666,"[12083, 13666, 12125]"
smoke,smoke-810001-13-random,random,810001,263ab3a58649be40d14270b5dda79461b8229e092a63eace3d54cf7abb8c8acb,hybrid_8,reference,13,7,"[2, 2, 1, 2, 2, 3, 1]",hybrid_8,39,0,39,49,,True,49,measured and independently checked,52708,49500,58542,"[49500, 52708, 58542]"
smoke,smoke-810001-13-random,random,810001,263ab3a58649be40d14270b5dda79461b8229e092a63eace3d54cf7abb8c8acb,hybrid_8,counted,13,7,"[2, 2, 1, 2, 2, 3, 1]",hybrid_8,39,0,39,49,,True,49,measured and independently checked,27708,26042,40750,"[26042, 27708, 40750]"
smoke,smoke-810001-13-random,random,810001,263ab3a58649be40d14270b5dda79461b8229e092a63eace3d54cf7abb8c8acb,hybrid_8,plain,13,7,"[2, 2, 1, 2, 2, 3, 1]",hybrid_8,39,0,39,49,,True,49,proved symbolic instrumentation (not maintained),9084,8833,11375,"[9084, 8833, 11375]"
smoke,smoke-810001-13-random,random,810001,263ab3a58649be40d14270b5dda79461b8229e092a63eace3d54cf7abb8c8acb,fixed_four,reference,13,7,"[2, 2, 1, 2, 2, 3, 1]",fixed_four,41,7,34,61,,False,35,measured and independently checked,57750,55791,61792,"[57750, 55791, 61792]"
smoke,smoke-810001-13-random,random,810001,263ab3a58649be40d14270b5dda79461b8229e092a63eace3d54cf7abb8c8acb,fixed_four,counted,13,7,"[2, 2, 1, 2, 2, 3, 1]",fixed_four,41,7,34,61,,False,35,measured and independently checked,39542,39459,49375,"[39542, 39459, 49375]"
smoke,smoke-810001-13-random,random,810001,263ab3a58649be40d14270b5dda79461b8229e092a63eace3d54cf7abb8c8acb,fixed_four,plain,13,7,"[2, 2, 1, 2, 2, 3, 1]",fixed_four,41,7,34,61,,False,35,proved symbolic instrumentation (not maintained),13500,13292,13834,"[13834, 13292, 13500]"
smoke,smoke-810001-13-random,random,810001,263ab3a58649be40d14270b5dda79461b8229e092a63eace3d54cf7abb8c8acb,runs_count,reference,13,7,"[2, 2, 1, 2, 2, 3, 1]","[[2, [2, 1]], [[2, 2], [3, 1]]]",39,12,27,51,37,False,,measured and independently checked,62583,62000,64125,"[62583, 64125, 62000]"
smoke,smoke-810001-13-random,random,810001,263ab3a58649be40d14270b5dda79461b8229e092a63eace3d54cf7abb8c8acb,runs_count,counted,13,7,"[2, 2, 1, 2, 2, 3, 1]","[[2, [2, 1]], [[2, 2], [3, 1]]]",39,12,27,51,37,False,,measured and independently checked,33833,33125,34125,"[33833, 33125, 34125]"
smoke,smoke-810001-13-random,random,810001,263ab3a58649be40d14270b5dda79461b8229e092a63eace3d54cf7abb8c8acb,runs_count,plain,13,7,"[2, 2, 1, 2, 2, 3, 1]","[[2, [2, 1]], [[2, 2], [3, 1]]]",39,12,27,51,37,False,,proved symbolic instrumentation (not maintained),11708,11375,11916,"[11916, 11375, 11708]"
smoke,smoke-810001-13-random,random,810001,263ab3a58649be40d14270b5dda79461b8229e092a63eace3d54cf7abb8c8acb,runs_count,staged_reference,13,7,"[2, 2, 1, 2, 2, 3, 1]","[[2, [2, 1]], [[2, 2], [3, 1]]]",39,12,27,51,37,False,,measured and independently checked,59667,58459,60167,"[59667, 58459, 60167]"
smoke,smoke-810001-13-random,random,810001,263ab3a58649be40d14270b5dda79461b8229e092a63eace3d54cf7abb8c8acb,runs_count,scan_only,13,7,"[2, 2, 1, 2, 2, 3, 1]","[[2, [2, 1]], [[2, 2], [3, 1]]]",39,12,27,51,37,False,,measured and independently checked,47750,47625,48041,"[47625, 47750, 48041]"
smoke,smoke-810001-13-random,random,810001,263ab3a58649be40d14270b5dda79461b8229e092a63eace3d54cf7abb8c8acb,runs_count,merge_only,13,7,"[2, 2, 1, 2, 2, 3, 1]","[[2, [2, 1]], [[2, 2], [3, 1]]]",39,12,27,51,37,False,,measured and independently checked,44792,44666,46250,"[44792, 44666, 46250]"
smoke,smoke-810001-13-random,random,810001,263ab3a58649be40d14270b5dda79461b8229e092a63eace3d54cf7abb8c8acb,runs_count,staged_direct,13,7,"[2, 2, 1, 2, 2, 3, 1]","[[2, [2, 1]], [[2, 2], [3, 1]]]",39,12,27,51,37,False,,measured and independently checked,33000,31209,33584,"[31209, 33584, 33000]"
smoke,smoke-810001-13-random,random,810001,263ab3a58649be40d14270b5dda79461b8229e092a63eace3d54cf7abb8c8acb,runs_length,reference,13,7,"[2, 2, 1, 2, 2, 3, 1]","[[[2, 2], [1, 2]], [2, [3, 1]]]",40,12,28,49,37,False,,measured and independently checked,71292,66250,72084,"[66250, 72084, 71292]"
smoke,smoke-810001-13-random,random,810001,263ab3a58649be40d14270b5dda79461b8229e092a63eace3d54cf7abb8c8acb,runs_length,counted,13,7,"[2, 2, 1, 2, 2, 3, 1]","[[[2, 2], [1, 2]], [2, [3, 1]]]",40,12,28,49,37,False,,measured and independently checked,45000,41916,46791,"[41916, 45000, 46791]"
smoke,smoke-810001-13-random,random,810001,263ab3a58649be40d14270b5dda79461b8229e092a63eace3d54cf7abb8c8acb,runs_length,plain,13,7,"[2, 2, 1, 2, 2, 3, 1]","[[[2, 2], [1, 2]], [2, [3, 1]]]",40,12,28,49,37,False,,proved symbolic instrumentation (not maintained),19417,19417,20500,"[19417, 19417, 20500]"
smoke,smoke-810001-13-random,random,810001,263ab3a58649be40d14270b5dda79461b8229e092a63eace3d54cf7abb8c8acb,runs_length,staged_reference,13,7,"[2, 2, 1, 2, 2, 3, 1]","[[[2, 2], [1, 2]], [2, [3, 1]]]",40,12,28,49,37,False,,measured and independently checked,67625,67583,79959,"[67583, 79959, 67625]"
smoke,smoke-810001-13-random,random,810001,263ab3a58649be40d14270b5dda79461b8229e092a63eace3d54cf7abb8c8acb,runs_length,scan_only,13,7,"[2, 2, 1, 2, 2, 3, 1]","[[[2, 2], [1, 2]], [2, [3, 1]]]",40,12,28,49,37,False,,measured and independently checked,55750,55750,56125,"[56125, 55750, 55750]"
smoke,smoke-810001-13-random,random,810001,263ab3a58649be40d14270b5dda79461b8229e092a63eace3d54cf7abb8c8acb,runs_length,merge_only,13,7,"[2, 2, 1, 2, 2, 3, 1]","[[[2, 2], [1, 2]], [2, [3, 1]]]",40,12,28,49,37,False,,measured and independently checked,53125,50083,53209,"[53125, 50083, 53209]"
smoke,smoke-810001-13-random,random,810001,263ab3a58649be40d14270b5dda79461b8229e092a63eace3d54cf7abb8c8acb,runs_length,staged_direct,13,7,"[2, 2, 1, 2, 2, 3, 1]","[[[2, 2], [1, 2]], [2, [3, 1]]]",40,12,28,49,37,False,,measured and independently checked,41542,41333,41709,"[41333, 41709, 41542]"
smoke,smoke-810001-13-sorted,sorted,810001,f04c2a3b27ce5873b8f940f13b91fb6b25903e761d5498519600292a22bca431,merge,reference,13,1,[13],merge,22,0,22,52,,True,52,measured and independently checked,30541,29834,36125,"[30541, 29834, 36125]"
smoke,smoke-810001-13-sorted,sorted,810001,f04c2a3b27ce5873b8f940f13b91fb6b25903e761d5498519600292a22bca431,merge,counted,13,1,[13],merge,22,0,22,52,,True,52,measured and independently checked,26292,24000,30583,"[24000, 26292, 30583]"
smoke,smoke-810001-13-sorted,sorted,810001,f04c2a3b27ce5873b8f940f13b91fb6b25903e761d5498519600292a22bca431,merge,plain,13,1,[13],merge,22,0,22,52,,True,52,proved symbolic instrumentation (not maintained),9750,9041,11708,"[9041, 9750, 11708]"
smoke,smoke-810001-13-sorted,sorted,810001,f04c2a3b27ce5873b8f940f13b91fb6b25903e761d5498519600292a22bca431,hybrid_8,reference,13,1,[13],hybrid_8,17,0,17,49,,True,49,measured and independently checked,20625,19584,21458,"[19584, 21458, 20625]"
smoke,smoke-810001-13-sorted,sorted,810001,f04c2a3b27ce5873b8f940f13b91fb6b25903e761d5498519600292a22bca431,hybrid_8,counted,13,1,[13],hybrid_8,17,0,17,49,,True,49,measured and independently checked,15042,13625,15208,"[13625, 15208, 15042]"
smoke,smoke-810001-13-sorted,sorted,810001,f04c2a3b27ce5873b8f940f13b91fb6b25903e761d5498519600292a22bca431,hybrid_8,plain,13,1,[13],hybrid_8,17,0,17,49,,True,49,proved symbolic instrumentation (not maintained),5334,5333,5334,"[5334, 5333, 5334]"
smoke,smoke-810001-13-sorted,sorted,810001,f04c2a3b27ce5873b8f940f13b91fb6b25903e761d5498519600292a22bca431,fixed_four,reference,13,1,[13],fixed_four,21,9,12,61,,True,35,measured and independently checked,24000,23333,24125,"[24125, 24000, 23333]"
smoke,smoke-810001-13-sorted,sorted,810001,f04c2a3b27ce5873b8f940f13b91fb6b25903e761d5498519600292a22bca431,fixed_four,counted,13,1,[13],fixed_four,21,9,12,61,,True,35,measured and independently checked,17500,17459,17750,"[17459, 17750, 17500]"
smoke,smoke-810001-13-sorted,sorted,810001,f04c2a3b27ce5873b8f940f13b91fb6b25903e761d5498519600292a22bca431,fixed_four,plain,13,1,[13],fixed_four,21,9,12,61,,True,35,proved symbolic instrumentation (not maintained),6000,5792,6000,"[6000, 6000, 5792]"
smoke,smoke-810001-13-sorted,sorted,810001,f04c2a3b27ce5873b8f940f13b91fb6b25903e761d5498519600292a22bca431,runs_count,reference,13,1,[13],13,12,12,0,12,0,False,,measured and independently checked,24541,23667,24750,"[24750, 24541, 23667]"
smoke,smoke-810001-13-sorted,sorted,810001,f04c2a3b27ce5873b8f940f13b91fb6b25903e761d5498519600292a22bca431,runs_count,counted,13,1,[13],13,12,12,0,12,0,False,,measured and independently checked,10750,9917,11125,"[11125, 10750, 9917]"
smoke,smoke-810001-13-sorted,sorted,810001,f04c2a3b27ce5873b8f940f13b91fb6b25903e761d5498519600292a22bca431,runs_count,plain,13,1,[13],13,12,12,0,12,0,False,,proved symbolic instrumentation (not maintained),4209,3708,4291,"[4209, 4291, 3708]"
smoke,smoke-810001-13-sorted,sorted,810001,f04c2a3b27ce5873b8f940f13b91fb6b25903e761d5498519600292a22bca431,runs_count,staged_reference,13,1,[13],13,12,12,0,12,0,False,,measured and independently checked,22625,22417,22875,"[22875, 22417, 22625]"
smoke,smoke-810001-13-sorted,sorted,810001,f04c2a3b27ce5873b8f940f13b91fb6b25903e761d5498519600292a22bca431,runs_count,scan_only,13,1,[13],13,12,12,0,12,0,False,,measured and independently checked,10792,10625,10833,"[10833, 10625, 10792]"
smoke,smoke-810001-13-sorted,sorted,810001,f04c2a3b27ce5873b8f940f13b91fb6b25903e761d5498519600292a22bca431,runs_count,merge_only,13,1,[13],13,12,12,0,12,0,False,,measured and independently checked,22667,22292,30667,"[22667, 22292, 30667]"
smoke,smoke-810001-13-sorted,sorted,810001,f04c2a3b27ce5873b8f940f13b91fb6b25903e761d5498519600292a22bca431,runs_count,staged_direct,13,1,[13],13,12,12,0,12,0,False,,measured and independently checked,10833,10584,10833,"[10584, 10833, 10833]"
smoke,smoke-810001-13-sorted,sorted,810001,f04c2a3b27ce5873b8f940f13b91fb6b25903e761d5498519600292a22bca431,runs_length,reference,13,1,[13],13,12,12,0,12,0,False,,measured and independently checked,24792,24625,25375,"[24792, 24625, 25375]"
smoke,smoke-810001-13-sorted,sorted,810001,f04c2a3b27ce5873b8f940f13b91fb6b25903e761d5498519600292a22bca431,runs_length,counted,13,1,[13],13,12,12,0,12,0,False,,measured and independently checked,10667,10625,10875,"[10667, 10625, 10875]"
smoke,smoke-810001-13-sorted,sorted,810001,f04c2a3b27ce5873b8f940f13b91fb6b25903e761d5498519600292a22bca431,runs_length,plain,13,1,[13],13,12,12,0,12,0,False,,proved symbolic instrumentation (not maintained),4125,4042,4167,"[4042, 4125, 4167]"
smoke,smoke-810001-13-sorted,sorted,810001,f04c2a3b27ce5873b8f940f13b91fb6b25903e761d5498519600292a22bca431,runs_length,staged_reference,13,1,[13],13,12,12,0,12,0,False,,measured and independently checked,22833,22083,23333,"[22833, 22083, 23333]"
smoke,smoke-810001-13-sorted,sorted,810001,f04c2a3b27ce5873b8f940f13b91fb6b25903e761d5498519600292a22bca431,runs_length,scan_only,13,1,[13],13,12,12,0,12,0,False,,measured and independently checked,10792,9625,11000,"[10792, 9625, 11000]"
smoke,smoke-810001-13-sorted,sorted,810001,f04c2a3b27ce5873b8f940f13b91fb6b25903e761d5498519600292a22bca431,runs_length,merge_only,13,1,[13],13,12,12,0,12,0,False,,measured and independently checked,22041,19834,44417,"[22041, 19834, 44417]"
smoke,smoke-810001-13-sorted,sorted,810001,f04c2a3b27ce5873b8f940f13b91fb6b25903e761d5498519600292a22bca431,runs_length,staged_direct,13,1,[13],13,12,12,0,12,0,False,,measured and independently checked,10667,10458,14750,"[10458, 10667, 14750]"
smoke,smoke-810001-13-reverse,reverse,810001,a12a5e0d2a7280a283a8d77c29141ece0c38010f6557ec3c447439ac4e3a8f7c,merge,reference,13,13,"[1, 1, 1, 1, 1, 1, 1, 1, 1, 1, 1, 1, 1]",merge,27,0,27,52,,True,52,measured and independently checked,35875,35417,37250,"[35417, 35875, 37250]"
smoke,smoke-810001-13-reverse,reverse,810001,a12a5e0d2a7280a283a8d77c29141ece0c38010f6557ec3c447439ac4e3a8f7c,merge,counted,13,13,"[1, 1, 1, 1, 1, 1, 1, 1, 1, 1, 1, 1, 1]",merge,27,0,27,52,,True,52,measured and independently checked,28917,27333,33125,"[27333, 28917, 33125]"
smoke,smoke-810001-13-reverse,reverse,810001,a12a5e0d2a7280a283a8d77c29141ece0c38010f6557ec3c447439ac4e3a8f7c,merge,plain,13,13,"[1, 1, 1, 1, 1, 1, 1, 1, 1, 1, 1, 1, 1]",merge,27,0,27,52,,True,52,proved symbolic instrumentation (not maintained),10667,10000,10917,"[10000, 10667, 10917]"
smoke,smoke-810001-13-reverse,reverse,810001,a12a5e0d2a7280a283a8d77c29141ece0c38010f6557ec3c447439ac4e3a8f7c,hybrid_8,reference,13,13,"[1, 1, 1, 1, 1, 1, 1, 1, 1, 1, 1, 1, 1]",hybrid_8,43,0,43,49,,True,49,measured and independently checked,53583,49125,55167,"[49125, 53583, 55167]"
smoke,smoke-810001-13-reverse,reverse,810001,a12a5e0d2a7280a283a8d77c29141ece0c38010f6557ec3c447439ac4e3a8f7c,hybrid_8,counted,13,13,"[1, 1, 1, 1, 1, 1, 1, 1, 1, 1, 1, 1, 1]",hybrid_8,43,0,43,49,,True,49,measured and independently checked,31000,28583,31125,"[28583, 31125, 31000]"
smoke,smoke-810001-13-reverse,reverse,810001,a12a5e0d2a7280a283a8d77c29141ece0c38010f6557ec3c447439ac4e3a8f7c,hybrid_8,plain,13,13,"[1, 1, 1, 1, 1, 1, 1, 1, 1, 1, 1, 1, 1]",hybrid_8,43,0,43,49,,True,49,proved symbolic instrumentation (not maintained),8875,8209,9084,"[8209, 9084, 8875]"
smoke,smoke-810001-13-reverse,reverse,810001,a12a5e0d2a7280a283a8d77c29141ece0c38010f6557ec3c447439ac4e3a8f7c,fixed_four,reference,13,13,"[1, 1, 1, 1, 1, 1, 1, 1, 1, 1, 1, 1, 1]",fixed_four,31,4,27,61,,False,35,measured and independently checked,41500,37792,42083,"[37792, 42083, 41500]"
smoke,smoke-810001-13-reverse,reverse,810001,a12a5e0d2a7280a283a8d77c29141ece0c38010f6557ec3c447439ac4e3a8f7c,fixed_four,counted,13,13,"[1, 1, 1, 1, 1, 1, 1, 1, 1, 1, 1, 1, 1]",fixed_four,31,4,27,61,,False,35,measured and independently checked,33875,30500,36167,"[30500, 33875, 36167]"
smoke,smoke-810001-13-reverse,reverse,810001,a12a5e0d2a7280a283a8d77c29141ece0c38010f6557ec3c447439ac4e3a8f7c,fixed_four,plain,13,13,"[1, 1, 1, 1, 1, 1, 1, 1, 1, 1, 1, 1, 1]",fixed_four,31,4,27,61,,False,35,proved symbolic instrumentation (not maintained),12000,10917,12125,"[10917, 12125, 12000]"
smoke,smoke-810001-13-reverse,reverse,810001,a12a5e0d2a7280a283a8d77c29141ece0c38010f6557ec3c447439ac4e3a8f7c,runs_count,reference,13,13,"[1, 1, 1, 1, 1, 1, 1, 1, 1, 1, 1, 1, 1]","[[[1, [1, 1]], [1, [1, 1]]], [[1, [1, 1]], [[1, 1], [1, 1]]]]",39,12,27,64,49,False,,measured and independently checked,55000,55000,60417,"[55000, 60417, 55000]"
smoke,smoke-810001-13-reverse,reverse,810001,a12a5e0d2a7280a283a8d77c29141ece0c38010f6557ec3c447439ac4e3a8f7c,runs_count,counted,13,13,"[1, 1, 1, 1, 1, 1, 1, 1, 1, 1, 1, 1, 1]","[[[1, [1, 1]], [1, [1, 1]]], [[1, [1, 1]], [[1, 1], [1, 1]]]]",39,12,27,64,49,False,,measured and independently checked,37667,35042,39500,"[35042, 37667, 39500]"
smoke,smoke-810001-13-reverse,reverse,810001,a12a5e0d2a7280a283a8d77c29141ece0c38010f6557ec3c447439ac4e3a8f7c,runs_count,plain,13,13,"[1, 1, 1, 1, 1, 1, 1, 1, 1, 1, 1, 1, 1]","[[[1, [1, 1]], [1, [1, 1]]], [[1, [1, 1]], [[1, 1], [1, 1]]]]",39,12,27,64,49,False,,proved symbolic instrumentation (not maintained),13125,12833,14292,"[13125, 12833, 14292]"
smoke,smoke-810001-13-reverse,reverse,810001,a12a5e0d2a7280a283a8d77c29141ece0c38010f6557ec3c447439ac4e3a8f7c,runs_count,staged_reference,13,13,"[1, 1, 1, 1, 1, 1, 1, 1, 1, 1, 1, 1, 1]","[[[1, [1, 1]], [1, [1, 1]]], [[1, [1, 1]], [[1, 1], [1, 1]]]]",39,12,27,64,49,False,,measured and independently checked,58208,55250,67000,"[67000, 55250, 58208]"
smoke,smoke-810001-13-reverse,reverse,810001,a12a5e0d2a7280a283a8d77c29141ece0c38010f6557ec3c447439ac4e3a8f7c,runs_count,scan_only,13,13,"[1, 1, 1, 1, 1, 1, 1, 1, 1, 1, 1, 1, 1]","[[[1, [1, 1]], [1, [1, 1]]], [[1, [1, 1]], [[1, 1], [1, 1]]]]",39,12,27,64,49,False,,measured and independently checked,46166,46125,46792,"[46125, 46792, 46166]"
smoke,smoke-810001-13-reverse,reverse,810001,a12a5e0d2a7280a283a8d77c29141ece0c38010f6557ec3c447439ac4e3a8f7c,runs_count,merge_only,13,13,"[1, 1, 1, 1, 1, 1, 1, 1, 1, 1, 1, 1, 1]","[[[1, [1, 1]], [1, [1, 1]]], [[1, [1, 1]], [[1, 1], [1, 1]]]]",39,12,27,64,49,False,,measured and independently checked,50583,50416,50583,"[50583, 50416, 50583]"
smoke,smoke-810001-13-reverse,reverse,810001,a12a5e0d2a7280a283a8d77c29141ece0c38010f6557ec3c447439ac4e3a8f7c,runs_count,staged_direct,13,13,"[1, 1, 1, 1, 1, 1, 1, 1, 1, 1, 1, 1, 1]","[[[1, [1, 1]], [1, [1, 1]]], [[1, [1, 1]], [[1, 1], [1, 1]]]]",39,12,27,64,49,False,,measured and independently checked,38000,38000,39750,"[38000, 39750, 38000]"
smoke,smoke-810001-13-reverse,reverse,810001,a12a5e0d2a7280a283a8d77c29141ece0c38010f6557ec3c447439ac4e3a8f7c,runs_length,reference,13,13,"[1, 1, 1, 1, 1, 1, 1, 1, 1, 1, 1, 1, 1]","[[[[1, 1], [1, 1]], [[1, 1], 1]], [[[1, 1], 1], [[1, 1], 1]]]",34,12,22,61,49,False,,measured and independently checked,73625,73208,77792,"[77792, 73625, 73208]"
smoke,smoke-810001-13-reverse,reverse,810001,a12a5e0d2a7280a283a8d77c29141ece0c38010f6557ec3c447439ac4e3a8f7c,runs_length,counted,13,13,"[1, 1, 1, 1, 1, 1, 1, 1, 1, 1, 1, 1, 1]","[[[[1, 1], [1, 1]], [[1, 1], 1]], [[[1, 1], 1], [[1, 1], 1]]]",34,12,22,61,49,False,,measured and independently checked,54375,53875,55833,"[55833, 54375, 53875]"
smoke,smoke-810001-13-reverse,reverse,810001,a12a5e0d2a7280a283a8d77c29141ece0c38010f6557ec3c447439ac4e3a8f7c,runs_length,plain,13,13,"[1, 1, 1, 1, 1, 1, 1, 1, 1, 1, 1, 1, 1]","[[[[1, 1], [1, 1]], [[1, 1], 1]], [[[1, 1], 1], [[1, 1], 1]]]",34,12,22,61,49,False,,proved symbolic instrumentation (not maintained),31958,31125,34417,"[31958, 34417, 31125]"
smoke,smoke-810001-13-reverse,reverse,810001,a12a5e0d2a7280a283a8d77c29141ece0c38010f6557ec3c447439ac4e3a8f7c,runs_length,staged_reference,13,13,"[1, 1, 1, 1, 1, 1, 1, 1, 1, 1, 1, 1, 1]","[[[[1, 1], [1, 1]], [[1, 1], 1]], [[[1, 1], 1], [[1, 1], 1]]]",34,12,22,61,49,False,,measured and independently checked,68375,67125,75875,"[75875, 68375, 67125]"
smoke,smoke-810001-13-reverse,reverse,810001,a12a5e0d2a7280a283a8d77c29141ece0c38010f6557ec3c447439ac4e3a8f7c,runs_length,scan_only,13,13,"[1, 1, 1, 1, 1, 1, 1, 1, 1, 1, 1, 1, 1]","[[[[1, 1], [1, 1]], [[1, 1], 1]], [[[1, 1], 1], [[1, 1], 1]]]",34,12,22,61,49,False,,measured and independently checked,58792,55250,60250,"[60250, 55250, 58792]"
smoke,smoke-810001-13-reverse,reverse,810001,a12a5e0d2a7280a283a8d77c29141ece0c38010f6557ec3c447439ac4e3a8f7c,runs_length,merge_only,13,13,"[1, 1, 1, 1, 1, 1, 1, 1, 1, 1, 1, 1, 1]","[[[[1, 1], [1, 1]], [[1, 1], 1]], [[[1, 1], 1], [[1, 1], 1]]]",34,12,22,61,49,False,,measured and independently checked,71000,67750,72042,"[67750, 71000, 72042]"
smoke,smoke-810001-13-reverse,reverse,810001,a12a5e0d2a7280a283a8d77c29141ece0c38010f6557ec3c447439ac4e3a8f7c,runs_length,staged_direct,13,13,"[1, 1, 1, 1, 1, 1, 1, 1, 1, 1, 1, 1, 1]","[[[[1, 1], [1, 1]], [[1, 1], 1]], [[[1, 1], 1], [[1, 1], 1]]]",34,12,22,61,49,False,,measured and independently checked,54750,54209,55834,"[54750, 54209, 55834]"
smoke,smoke-810001-13-duplicates,duplicates,810001,66780e813f16c1d6d06002c95c7734c9fb5f5816a68bb9e20980922ef973f5dd,merge,reference,13,7,"[1, 3, 2, 1, 2, 1, 3]",merge,36,0,36,52,,True,52,measured and independently checked,50167,49875,50291,"[50167, 49875, 50291]"
smoke,smoke-810001-13-duplicates,duplicates,810001,66780e813f16c1d6d06002c95c7734c9fb5f5816a68bb9e20980922ef973f5dd,merge,counted,13,7,"[1, 3, 2, 1, 2, 1, 3]",merge,36,0,36,52,,True,52,measured and independently checked,34583,34167,34917,"[34917, 34167, 34583]"
smoke,smoke-810001-13-duplicates,duplicates,810001,66780e813f16c1d6d06002c95c7734c9fb5f5816a68bb9e20980922ef973f5dd,merge,plain,13,7,"[1, 3, 2, 1, 2, 1, 3]",merge,36,0,36,52,,True,52,proved symbolic instrumentation (not maintained),11750,11334,11833,"[11750, 11334, 11833]"
smoke,smoke-810001-13-duplicates,duplicates,810001,66780e813f16c1d6d06002c95c7734c9fb5f5816a68bb9e20980922ef973f5dd,hybrid_8,reference,13,7,"[1, 3, 2, 1, 2, 1, 3]",hybrid_8,36,0,36,49,,True,49,measured and independently checked,47250,46291,47917,"[47917, 47250, 46291]"
smoke,smoke-810001-13-duplicates,duplicates,810001,66780e813f16c1d6d06002c95c7734c9fb5f5816a68bb9e20980922ef973f5dd,hybrid_8,counted,13,7,"[1, 3, 2, 1, 2, 1, 3]",hybrid_8,36,0,36,49,,True,49,measured and independently checked,26083,25833,26250,"[26250, 26083, 25833]"
smoke,smoke-810001-13-duplicates,duplicates,810001,66780e813f16c1d6d06002c95c7734c9fb5f5816a68bb9e20980922ef973f5dd,hybrid_8,plain,13,7,"[1, 3, 2, 1, 2, 1, 3]",hybrid_8,36,0,36,49,,True,49,proved symbolic instrumentation (not maintained),8000,7625,8208,"[8208, 8000, 7625]"
smoke,smoke-810001-13-duplicates,duplicates,810001,66780e813f16c1d6d06002c95c7734c9fb5f5816a68bb9e20980922ef973f5dd,fixed_four,reference,13,7,"[1, 3, 2, 1, 2, 1, 3]",fixed_four,40,4,36,61,,False,35,measured and independently checked,55667,55250,56709,"[56709, 55667, 55250]"
smoke,smoke-810001-13-duplicates,duplicates,810001,66780e813f16c1d6d06002c95c7734c9fb5f5816a68bb9e20980922ef973f5dd,fixed_four,counted,13,7,"[1, 3, 2, 1, 2, 1, 3]",fixed_four,40,4,36,61,,False,35,measured and independently checked,39167,38875,39333,"[39333, 39167, 38875]"
smoke,smoke-810001-13-duplicates,duplicates,810001,66780e813f16c1d6d06002c95c7734c9fb5f5816a68bb9e20980922ef973f5dd,fixed_four,plain,13,7,"[1, 3, 2, 1, 2, 1, 3]",fixed_four,40,4,36,61,,False,35,proved symbolic instrumentation (not maintained),13333,13125,13334,"[13333, 13334, 13125]"
smoke,smoke-810001-13-duplicates,duplicates,810001,66780e813f16c1d6d06002c95c7734c9fb5f5816a68bb9e20980922ef973f5dd,runs_count,reference,13,7,"[1, 3, 2, 1, 2, 1, 3]","[[1, [3, 2]], [[1, 2], [1, 3]]]",43,12,31,51,38,False,,measured and independently checked,62125,60500,65458,"[60500, 65458, 62125]"
smoke,smoke-810001-13-duplicates,duplicates,810001,66780e813f16c1d6d06002c95c7734c9fb5f5816a68bb9e20980922ef973f5dd,runs_count,counted,13,7,"[1, 3, 2, 1, 2, 1, 3]","[[1, [3, 2]], [[1, 2], [1, 3]]]",43,12,31,51,38,False,,measured and independently checked,35000,32375,35917,"[32375, 35917, 35000]"
smoke,smoke-810001-13-duplicates,duplicates,810001,66780e813f16c1d6d06002c95c7734c9fb5f5816a68bb9e20980922ef973f5dd,runs_count,plain,13,7,"[1, 3, 2, 1, 2, 1, 3]","[[1, [3, 2]], [[1, 2], [1, 3]]]",43,12,31,51,38,False,,proved symbolic instrumentation (not maintained),11875,10791,11916,"[10791, 11916, 11875]"
smoke,smoke-810001-13-duplicates,duplicates,810001,66780e813f16c1d6d06002c95c7734c9fb5f5816a68bb9e20980922ef973f5dd,runs_count,staged_reference,13,7,"[1, 3, 2, 1, 2, 1, 3]","[[1, [3, 2]], [[1, 2], [1, 3]]]",43,12,31,51,38,False,,measured and independently checked,63084,57042,63708,"[63084, 57042, 63708]"
smoke,smoke-810001-13-duplicates,duplicates,810001,66780e813f16c1d6d06002c95c7734c9fb5f5816a68bb9e20980922ef973f5dd,runs_count,scan_only,13,7,"[1, 3, 2, 1, 2, 1, 3]","[[1, [3, 2]], [[1, 2], [1, 3]]]",43,12,31,51,38,False,,measured and independently checked,52250,52084,58083,"[52084, 52250, 58083]"
smoke,smoke-810001-13-duplicates,duplicates,810001,66780e813f16c1d6d06002c95c7734c9fb5f5816a68bb9e20980922ef973f5dd,runs_count,merge_only,13,7,"[1, 3, 2, 1, 2, 1, 3]","[[1, [3, 2]], [[1, 2], [1, 3]]]",43,12,31,51,38,False,,measured and independently checked,47542,46916,50125,"[47542, 46916, 50125]"
smoke,smoke-810001-13-duplicates,duplicates,810001,66780e813f16c1d6d06002c95c7734c9fb5f5816a68bb9e20980922ef973f5dd,runs_count,staged_direct,13,7,"[1, 3, 2, 1, 2, 1, 3]","[[1, [3, 2]], [[1, 2], [1, 3]]]",43,12,31,51,38,False,,measured and independently checked,35416,35041,36125,"[35041, 36125, 35416]"
smoke,smoke-810001-13-duplicates,duplicates,810001,66780e813f16c1d6d06002c95c7734c9fb5f5816a68bb9e20980922ef973f5dd,runs_length,reference,13,7,"[1, 3, 2, 1, 2, 1, 3]","[[[1, 3], [2, 1]], [[2, 1], 3]]",41,12,29,48,36,False,,measured and independently checked,71458,70500,73917,"[71458, 70500, 73917]"
smoke,smoke-810001-13-duplicates,duplicates,810001,66780e813f16c1d6d06002c95c7734c9fb5f5816a68bb9e20980922ef973f5dd,runs_length,counted,13,7,"[1, 3, 2, 1, 2, 1, 3]","[[[1, 3], [2, 1]], [[2, 1], 3]]",41,12,29,48,36,False,,measured and independently checked,43333,42958,46417,"[46417, 42958, 43333]"
smoke,smoke-810001-13-duplicates,duplicates,810001,66780e813f16c1d6d06002c95c7734c9fb5f5816a68bb9e20980922ef973f5dd,runs_length,plain,13,7,"[1, 3, 2, 1, 2, 1, 3]","[[[1, 3], [2, 1]], [[2, 1], 3]]",41,12,29,48,36,False,,proved symbolic instrumentation (not maintained),19667,19625,20042,"[20042, 19625, 19667]"
smoke,smoke-810001-13-duplicates,duplicates,810001,66780e813f16c1d6d06002c95c7734c9fb5f5816a68bb9e20980922ef973f5dd,runs_length,staged_reference,13,7,"[1, 3, 2, 1, 2, 1, 3]","[[[1, 3], [2, 1]], [[2, 1], 3]]",41,12,29,48,36,False,,measured and independently checked,65917,65750,68125,"[65750, 68125, 65917]"
smoke,smoke-810001-13-duplicates,duplicates,810001,66780e813f16c1d6d06002c95c7734c9fb5f5816a68bb9e20980922ef973f5dd,runs_length,scan_only,13,7,"[1, 3, 2, 1, 2, 1, 3]","[[[1, 3], [2, 1]], [[2, 1], 3]]",41,12,29,48,36,False,,measured and independently checked,57250,53083,57541,"[53083, 57541, 57250]"
smoke,smoke-810001-13-duplicates,duplicates,810001,66780e813f16c1d6d06002c95c7734c9fb5f5816a68bb9e20980922ef973f5dd,runs_length,merge_only,13,7,"[1, 3, 2, 1, 2, 1, 3]","[[[1, 3], [2, 1]], [[2, 1], 3]]",41,12,29,48,36,False,,measured and independently checked,54125,48750,54208,"[54125, 48750, 54208]"
smoke,smoke-810001-13-duplicates,duplicates,810001,66780e813f16c1d6d06002c95c7734c9fb5f5816a68bb9e20980922ef973f5dd,runs_length,staged_direct,13,7,"[1, 3, 2, 1, 2, 1, 3]","[[[1, 3], [2, 1]], [[2, 1], 3]]",41,12,29,48,36,False,,measured and independently checked,42334,42125,47625,"[42334, 47625, 42125]"
smoke,smoke-810001-13-unequal_runs,unequal_runs,810001,3bce2d2aebeae9b4230223c35d1e517582f1a6158e462f742096f71ce19b4dae,merge,reference,13,3,"[6, 6, 1]",merge,30,0,30,52,,True,52,measured and independently checked,43750,43708,44125,"[44125, 43750, 43708]"
smoke,smoke-810001-13-unequal_runs,unequal_runs,810001,3bce2d2aebeae9b4230223c35d1e517582f1a6158e462f742096f71ce19b4dae,merge,counted,13,3,"[6, 6, 1]",merge,30,0,30,52,,True,52,measured and independently checked,31292,31125,39041,"[39041, 31125, 31292]"
smoke,smoke-810001-13-unequal_runs,unequal_runs,810001,3bce2d2aebeae9b4230223c35d1e517582f1a6158e462f742096f71ce19b4dae,merge,plain,13,3,"[6, 6, 1]",merge,30,0,30,52,,True,52,proved symbolic instrumentation (not maintained),11125,10791,11333,"[11333, 10791, 11125]"
smoke,smoke-810001-13-unequal_runs,unequal_runs,810001,3bce2d2aebeae9b4230223c35d1e517582f1a6158e462f742096f71ce19b4dae,hybrid_8,reference,13,3,"[6, 6, 1]",hybrid_8,28,0,28,49,,True,49,measured and independently checked,38583,38000,39042,"[39042, 38000, 38583]"
smoke,smoke-810001-13-unequal_runs,unequal_runs,810001,3bce2d2aebeae9b4230223c35d1e517582f1a6158e462f742096f71ce19b4dae,hybrid_8,counted,13,3,"[6, 6, 1]",hybrid_8,28,0,28,49,,True,49,measured and independently checked,21291,21250,21375,"[21250, 21291, 21375]"
smoke,smoke-810001-13-unequal_runs,unequal_runs,810001,3bce2d2aebeae9b4230223c35d1e517582f1a6158e462f742096f71ce19b4dae,hybrid_8,plain,13,3,"[6, 6, 1]",hybrid_8,28,0,28,49,,True,49,proved symbolic instrumentation (not maintained),7042,7000,7334,"[7334, 7042, 7000]"
smoke,smoke-810001-13-unequal_runs,unequal_runs,810001,3bce2d2aebeae9b4230223c35d1e517582f1a6158e462f742096f71ce19b4dae,fixed_four,reference,13,3,"[6, 6, 1]",fixed_four,33,9,24,61,,False,35,measured and independently checked,44041,43292,44708,"[44708, 44041, 43292]"
smoke,smoke-810001-13-unequal_runs,unequal_runs,810001,3bce2d2aebeae9b4230223c35d1e517582f1a6158e462f742096f71ce19b4dae,fixed_four,counted,13,3,"[6, 6, 1]",fixed_four,33,9,24,61,,False,35,measured and independently checked,28708,28333,28917,"[28917, 28708, 28333]"
smoke,smoke-810001-13-unequal_runs,unequal_runs,810001,3bce2d2aebeae9b4230223c35d1e517582f1a6158e462f742096f71ce19b4dae,fixed_four,plain,13,3,"[6, 6, 1]",fixed_four,33,9,24,61,,False,35,proved symbolic instrumentation (not maintained),9458,9375,9541,"[9541, 9458, 9375]"
smoke,smoke-810001-13-unequal_runs,unequal_runs,810001,3bce2d2aebeae9b4230223c35d1e517582f1a6158e462f742096f71ce19b4dae,runs_count,reference,13,3,"[6, 6, 1]","[6, [6, 1]]",25,12,13,38,20,False,,measured and independently checked,44458,44083,44625,"[44625, 44083, 44458]"
smoke,smoke-810001-13-unequal_runs,unequal_runs,810001,3bce2d2aebeae9b4230223c35d1e517582f1a6158e462f742096f71ce19b4dae,runs_count,counted,13,3,"[6, 6, 1]","[6, [6, 1]]",25,12,13,38,20,False,,measured and independently checked,21666,21583,21667,"[21666, 21583, 21667]"
smoke,smoke-810001-13-unequal_runs,unequal_runs,810001,3bce2d2aebeae9b4230223c35d1e517582f1a6158e462f742096f71ce19b4dae,runs_count,plain,13,3,"[6, 6, 1]","[6, [6, 1]]",25,12,13,38,20,False,,proved symbolic instrumentation (not maintained),7416,7375,7542,"[7542, 7375, 7416]"
smoke,smoke-810001-13-unequal_runs,unequal_runs,810001,3bce2d2aebeae9b4230223c35d1e517582f1a6158e462f742096f71ce19b4dae,runs_count,staged_reference,13,3,"[6, 6, 1]","[6, [6, 1]]",25,12,13,38,20,False,,measured and independently checked,42542,41333,42750,"[42750, 41333, 42542]"
smoke,smoke-810001-13-unequal_runs,unequal_runs,810001,3bce2d2aebeae9b4230223c35d1e517582f1a6158e462f742096f71ce19b4dae,runs_count,scan_only,13,3,"[6, 6, 1]","[6, [6, 1]]",25,12,13,38,20,False,,measured and independently checked,30750,30709,30833,"[30750, 30833, 30709]"
smoke,smoke-810001-13-unequal_runs,unequal_runs,810001,3bce2d2aebeae9b4230223c35d1e517582f1a6158e462f742096f71ce19b4dae,runs_count,merge_only,13,3,"[6, 6, 1]","[6, [6, 1]]",25,12,13,38,20,False,,measured and independently checked,32750,32667,32917,"[32917, 32750, 32667]"
smoke,smoke-810001-13-unequal_runs,unequal_runs,810001,3bce2d2aebeae9b4230223c35d1e517582f1a6158e462f742096f71ce19b4dae,runs_count,staged_direct,13,3,"[6, 6, 1]","[6, [6, 1]]",25,12,13,38,20,False,,measured and independently checked,20834,20833,21708,"[20834, 21708, 20833]"
smoke,smoke-810001-13-unequal_runs,unequal_runs,810001,3bce2d2aebeae9b4230223c35d1e517582f1a6158e462f742096f71ce19b4dae,runs_length,reference,13,3,"[6, 6, 1]","[6, [6, 1]]",25,12,13,32,20,False,,measured and independently checked,46875,46708,47292,"[46875, 46708, 47292]"
smoke,smoke-810001-13-unequal_runs,unequal_runs,810001,3bce2d2aebeae9b4230223c35d1e517582f1a6158e462f742096f71ce19b4dae,runs_length,counted,13,3,"[6, 6, 1]","[6, [6, 1]]",25,12,13,32,20,False,,measured and independently checked,23917,23791,23917,"[23917, 23791, 23917]"
smoke,smoke-810001-13-unequal_runs,unequal_runs,810001,3bce2d2aebeae9b4230223c35d1e517582f1a6158e462f742096f71ce19b4dae,runs_length,plain,13,3,"[6, 6, 1]","[6, [6, 1]]",25,12,13,32,20,False,,proved symbolic instrumentation (not maintained),9875,9709,9875,"[9875, 9875, 9709]"
smoke,smoke-810001-13-unequal_runs,unequal_runs,810001,3bce2d2aebeae9b4230223c35d1e517582f1a6158e462f742096f71ce19b4dae,runs_length,staged_reference,13,3,"[6, 6, 1]","[6, [6, 1]]",25,12,13,32,20,False,,measured and independently checked,44791,43875,45208,"[44791, 43875, 45208]"
smoke,smoke-810001-13-unequal_runs,unequal_runs,810001,3bce2d2aebeae9b4230223c35d1e517582f1a6158e462f742096f71ce19b4dae,runs_length,scan_only,13,3,"[6, 6, 1]","[6, [6, 1]]",25,12,13,32,20,False,,measured and independently checked,33292,33125,33541,"[33125, 33541, 33292]"
smoke,smoke-810001-13-unequal_runs,unequal_runs,810001,3bce2d2aebeae9b4230223c35d1e517582f1a6158e462f742096f71ce19b4dae,runs_length,merge_only,13,3,"[6, 6, 1]","[6, [6, 1]]",25,12,13,32,20,False,,measured and independently checked,35250,35208,35416,"[35208, 35250, 35416]"
smoke,smoke-810001-13-unequal_runs,unequal_runs,810001,3bce2d2aebeae9b4230223c35d1e517582f1a6158e462f742096f71ce19b4dae,runs_length,staged_direct,13,3,"[6, 6, 1]","[6, [6, 1]]",25,12,13,32,20,False,,measured and independently checked,24459,23292,26375,"[26375, 24459, 23292]"
smoke,smoke-810001-13-random_boundaries,random_boundaries,810001,65e3ea4df6c4e20295a0542846c21d8b8af32c0aadfdd5554e872049577e31c9,merge,reference,13,4,"[2, 4, 3, 4]",merge,33,0,33,52,,True,52,measured and independently checked,48459,48125,50416,"[48459, 50416, 48125]"
smoke,smoke-810001-13-random_boundaries,random_boundaries,810001,65e3ea4df6c4e20295a0542846c21d8b8af32c0aadfdd5554e872049577e31c9,merge,counted,13,4,"[2, 4, 3, 4]",merge,33,0,33,52,,True,52,measured and independently checked,33166,32791,33292,"[33292, 32791, 33166]"
smoke,smoke-810001-13-random_boundaries,random_boundaries,810001,65e3ea4df6c4e20295a0542846c21d8b8af32c0aadfdd5554e872049577e31c9,merge,plain,13,4,"[2, 4, 3, 4]",merge,33,0,33,52,,True,52,proved symbolic instrumentation (not maintained),11333,11208,11500,"[11500, 11208, 11333]"
smoke,smoke-810001-13-random_boundaries,random_boundaries,810001,65e3ea4df6c4e20295a0542846c21d8b8af32c0aadfdd5554e872049577e31c9,hybrid_8,reference,13,4,"[2, 4, 3, 4]",hybrid_8,34,0,34,49,,True,49,measured and independently checked,45667,44625,51500,"[45667, 44625, 51500]"
smoke,smoke-810001-13-random_boundaries,random_boundaries,810001,65e3ea4df6c4e20295a0542846c21d8b8af32c0aadfdd5554e872049577e31c9,hybrid_8,counted,13,4,"[2, 4, 3, 4]",hybrid_8,34,0,34,49,,True,49,measured and independently checked,26083,25208,26209,"[26083, 25208, 26209]"
smoke,smoke-810001-13-random_boundaries,random_boundaries,810001,65e3ea4df6c4e20295a0542846c21d8b8af32c0aadfdd5554e872049577e31c9,hybrid_8,plain,13,4,"[2, 4, 3, 4]",hybrid_8,34,0,34,49,,True,49,proved symbolic instrumentation (not maintained),8000,7375,8333,"[7375, 8000, 8333]"
smoke,smoke-810001-13-random_boundaries,random_boundaries,810001,65e3ea4df6c4e20295a0542846c21d8b8af32c0aadfdd5554e872049577e31c9,fixed_four,reference,13,4,"[2, 4, 3, 4]",fixed_four,34,9,25,61,,False,35,measured and independently checked,45792,41334,49625,"[41334, 49625, 45792]"
smoke,smoke-810001-13-random_boundaries,random_boundaries,810001,65e3ea4df6c4e20295a0542846c21d8b8af32c0aadfdd5554e872049577e31c9,fixed_four,counted,13,4,"[2, 4, 3, 4]",fixed_four,34,9,25,61,,False,35,measured and independently checked,28875,25667,29333,"[25667, 29333, 28875]"
smoke,smoke-810001-13-random_boundaries,random_boundaries,810001,65e3ea4df6c4e20295a0542846c21d8b8af32c0aadfdd5554e872049577e31c9,fixed_four,plain,13,4,"[2, 4, 3, 4]",fixed_four,34,9,25,61,,False,35,proved symbolic instrumentation (not maintained),9334,8333,10250,"[8333, 10250, 9334]"
smoke,smoke-810001-13-random_boundaries,random_boundaries,810001,65e3ea4df6c4e20295a0542846c21d8b8af32c0aadfdd5554e872049577e31c9,runs_count,reference,13,4,"[2, 4, 3, 4]","[[2, 4], [3, 4]]",34,12,22,38,26,False,,measured and independently checked,55291,51459,55542,"[51459, 55542, 55291]"
smoke,smoke-810001-13-random_boundaries,random_boundaries,810001,65e3ea4df6c4e20295a0542846c21d8b8af32c0aadfdd5554e872049577e31c9,runs_count,counted,13,4,"[2, 4, 3, 4]","[[2, 4], [3, 4]]",34,12,22,38,26,False,,measured and independently checked,28334,28208,28375,"[28208, 28334, 28375]"
smoke,smoke-810001-13-random_boundaries,random_boundaries,810001,65e3ea4df6c4e20295a0542846c21d8b8af32c0aadfdd5554e872049577e31c9,runs_count,plain,13,4,"[2, 4, 3, 4]","[[2, 4], [3, 4]]",34,12,22,38,26,False,,proved symbolic instrumentation (not maintained),9459,9375,10000,"[9459, 10000, 9375]"
smoke,smoke-810001-13-random_boundaries,random_boundaries,810001,65e3ea4df6c4e20295a0542846c21d8b8af32c0aadfdd5554e872049577e31c9,runs_count,staged_reference,13,4,"[2, 4, 3, 4]","[[2, 4], [3, 4]]",34,12,22,38,26,False,,measured and independently checked,53084,47458,53334,"[53084, 47458, 53334]"
smoke,smoke-810001-13-random_boundaries,random_boundaries,810001,65e3ea4df6c4e20295a0542846c21d8b8af32c0aadfdd5554e872049577e31c9,runs_count,scan_only,13,4,"[2, 4, 3, 4]","[[2, 4], [3, 4]]",34,12,22,38,26,False,,measured and independently checked,40667,40375,41916,"[40667, 41916, 40375]"
smoke,smoke-810001-13-random_boundaries,random_boundaries,810001,65e3ea4df6c4e20295a0542846c21d8b8af32c0aadfdd5554e872049577e31c9,runs_count,merge_only,13,4,"[2, 4, 3, 4]","[[2, 4], [3, 4]]",34,12,22,38,26,False,,measured and independently checked,40500,37875,42583,"[42583, 40500, 37875]"
smoke,smoke-810001-13-random_boundaries,random_boundaries,810001,65e3ea4df6c4e20295a0542846c21d8b8af32c0aadfdd5554e872049577e31c9,runs_count,staged_direct,13,4,"[2, 4, 3, 4]","[[2, 4], [3, 4]]",34,12,22,38,26,False,,measured and independently checked,27375,27208,29792,"[27208, 29792, 27375]"
smoke,smoke-810001-13-random_boundaries,random_boundaries,810001,65e3ea4df6c4e20295a0542846c21d8b8af32c0aadfdd5554e872049577e31c9,runs_length,reference,13,4,"[2, 4, 3, 4]","[[2, 4], [3, 4]]",34,12,22,38,26,False,,measured and independently checked,59917,59084,60041,"[59084, 60041, 59917]"
smoke,smoke-810001-13-random_boundaries,random_boundaries,810001,65e3ea4df6c4e20295a0542846c21d8b8af32c0aadfdd5554e872049577e31c9,runs_length,counted,13,4,"[2, 4, 3, 4]","[[2, 4], [3, 4]]",34,12,22,38,26,False,,measured and independently checked,33166,32000,35209,"[32000, 33166, 35209]"
smoke,smoke-810001-13-random_boundaries,random_boundaries,810001,65e3ea4df6c4e20295a0542846c21d8b8af32c0aadfdd5554e872049577e31c9,runs_length,plain,13,4,"[2, 4, 3, 4]","[[2, 4], [3, 4]]",34,12,22,38,26,False,,proved symbolic instrumentation (not maintained),13250,12959,15458,"[12959, 15458, 13250]"
smoke,smoke-810001-13-random_boundaries,random_boundaries,810001,65e3ea4df6c4e20295a0542846c21d8b8af32c0aadfdd5554e872049577e31c9,runs_length,staged_reference,13,4,"[2, 4, 3, 4]","[[2, 4], [3, 4]]",34,12,22,38,26,False,,measured and independently checked,55875,51500,57333,"[51500, 55875, 57333]"
smoke,smoke-810001-13-random_boundaries,random_boundaries,810001,65e3ea4df6c4e20295a0542846c21d8b8af32c0aadfdd5554e872049577e31c9,runs_length,scan_only,13,4,"[2, 4, 3, 4]","[[2, 4], [3, 4]]",34,12,22,38,26,False,,measured and independently checked,44875,40083,45125,"[40083, 45125, 44875]"
smoke,smoke-810001-13-random_boundaries,random_boundaries,810001,65e3ea4df6c4e20295a0542846c21d8b8af32c0aadfdd5554e872049577e31c9,runs_length,merge_only,13,4,"[2, 4, 3, 4]","[[2, 4], [3, 4]]",34,12,22,38,26,False,,measured and independently checked,43666,43542,43917,"[43666, 43542, 43917]"
smoke,smoke-810001-13-random_boundaries,random_boundaries,810001,65e3ea4df6c4e20295a0542846c21d8b8af32c0aadfdd5554e872049577e31c9,runs_length,staged_direct,13,4,"[2, 4, 3, 4]","[[2, 4], [3, 4]]",34,12,22,38,26,False,,measured and independently checked,31375,30875,37542,"[30875, 37542, 31375]"
smoke,smoke-810001-13-short_runs,short_runs,810001,82fba64709a0b86f7b5fcc1fbf4e52a32466d221833ec1a2d0b2f7035bccb261,merge,reference,13,6,"[1, 2, 3, 4, 2, 1]",merge,34,0,34,52,,True,52,measured and independently checked,47583,43625,48958,"[47583, 43625, 48958]"
smoke,smoke-810001-13-short_runs,short_runs,810001,82fba64709a0b86f7b5fcc1fbf4e52a32466d221833ec1a2d0b2f7035bccb261,merge,counted,13,6,"[1, 2, 3, 4, 2, 1]",merge,34,0,34,52,,True,52,measured and independently checked,32708,32583,34250,"[34250, 32708, 32583]"
smoke,smoke-810001-13-short_runs,short_runs,810001,82fba64709a0b86f7b5fcc1fbf4e52a32466d221833ec1a2d0b2f7035bccb261,merge,plain,13,6,"[1, 2, 3, 4, 2, 1]",merge,34,0,34,52,,True,52,proved symbolic instrumentation (not maintained),11333,10292,11625,"[11625, 11333, 10292]"
smoke,smoke-810001-13-short_runs,short_runs,810001,82fba64709a0b86f7b5fcc1fbf4e52a32466d221833ec1a2d0b2f7035bccb261,hybrid_8,reference,13,6,"[1, 2, 3, 4, 2, 1]",hybrid_8,35,0,35,49,,True,49,measured and independently checked,46542,44541,47208,"[47208, 46542, 44541]"
smoke,smoke-810001-13-short_runs,short_runs,810001,82fba64709a0b86f7b5fcc1fbf4e52a32466d221833ec1a2d0b2f7035bccb261,hybrid_8,counted,13,6,"[1, 2, 3, 4, 2, 1]",hybrid_8,35,0,35,49,,True,49,measured and independently checked,27458,26000,29042,"[27458, 29042, 26000]"
smoke,smoke-810001-13-short_runs,short_runs,810001,82fba64709a0b86f7b5fcc1fbf4e52a32466d221833ec1a2d0b2f7035bccb261,hybrid_8,plain,13,6,"[1, 2, 3, 4, 2, 1]",hybrid_8,35,0,35,49,,True,49,proved symbolic instrumentation (not maintained),7875,7625,8708,"[8708, 7625, 7875]"
smoke,smoke-810001-13-short_runs,short_runs,810001,82fba64709a0b86f7b5fcc1fbf4e52a32466d221833ec1a2d0b2f7035bccb261,fixed_four,reference,13,6,"[1, 2, 3, 4, 2, 1]",fixed_four,36,6,30,61,,False,35,measured and independently checked,50416,50209,51208,"[50416, 51208, 50209]"
smoke,smoke-810001-13-short_runs,short_runs,810001,82fba64709a0b86f7b5fcc1fbf4e52a32466d221833ec1a2d0b2f7035bccb261,fixed_four,counted,13,6,"[1, 2, 3, 4, 2, 1]",fixed_four,36,6,30,61,,False,35,measured and independently checked,33875,33584,34125,"[34125, 33584, 33875]"
smoke,smoke-810001-13-short_runs,short_runs,810001,82fba64709a0b86f7b5fcc1fbf4e52a32466d221833ec1a2d0b2f7035bccb261,fixed_four,plain,13,6,"[1, 2, 3, 4, 2, 1]",fixed_four,36,6,30,61,,False,35,proved symbolic instrumentation (not maintained),11083,10666,11084,"[11083, 11084, 10666]"
smoke,smoke-810001-13-short_runs,short_runs,810001,82fba64709a0b86f7b5fcc1fbf4e52a32466d221833ec1a2d0b2f7035bccb261,runs_count,reference,13,6,"[1, 2, 3, 4, 2, 1]","[[1, [2, 3]], [4, [2, 1]]]",37,12,25,51,34,False,,measured and independently checked,57959,52709,58167,"[52709, 57959, 58167]"
smoke,smoke-810001-13-short_runs,short_runs,810001,82fba64709a0b86f7b5fcc1fbf4e52a32466d221833ec1a2d0b2f7035bccb261,runs_count,counted,13,6,"[1, 2, 3, 4, 2, 1]","[[1, [2, 3]], [4, [2, 1]]]",37,12,25,51,34,False,,measured and independently checked,31792,28667,31875,"[28667, 31792, 31875]"
smoke,smoke-810001-13-short_runs,short_runs,810001,82fba64709a0b86f7b5fcc1fbf4e52a32466d221833ec1a2d0b2f7035bccb261,runs_count,plain,13,6,"[1, 2, 3, 4, 2, 1]","[[1, [2, 3]], [4, [2, 1]]]",37,12,25,51,34,False,,proved symbolic instrumentation (not maintained),10625,9625,13125,"[9625, 10625, 13125]"
smoke,smoke-810001-13-short_runs,short_runs,810001,82fba64709a0b86f7b5fcc1fbf4e52a32466d221833ec1a2d0b2f7035bccb261,runs_count,staged_reference,13,6,"[1, 2, 3, 4, 2, 1]","[[1, [2, 3]], [4, [2, 1]]]",37,12,25,51,34,False,,measured and independently checked,51333,51167,56916,"[51333, 51167, 56916]"
smoke,smoke-810001-13-short_runs,short_runs,810001,82fba64709a0b86f7b5fcc1fbf4e52a32466d221833ec1a2d0b2f7035bccb261,runs_count,scan_only,13,6,"[1, 2, 3, 4, 2, 1]","[[1, [2, 3]], [4, [2, 1]]]",37,12,25,51,34,False,,measured and independently checked,44750,41875,49583,"[49583, 41875, 44750]"
smoke,smoke-810001-13-short_runs,short_runs,810001,82fba64709a0b86f7b5fcc1fbf4e52a32466d221833ec1a2d0b2f7035bccb261,runs_count,merge_only,13,6,"[1, 2, 3, 4, 2, 1]","[[1, [2, 3]], [4, [2, 1]]]",37,12,25,51,34,False,,measured and independently checked,40209,39875,42958,"[39875, 42958, 40209]"
smoke,smoke-810001-13-short_runs,short_runs,810001,82fba64709a0b86f7b5fcc1fbf4e52a32466d221833ec1a2d0b2f7035bccb261,runs_count,staged_direct,13,6,"[1, 2, 3, 4, 2, 1]","[[1, [2, 3]], [4, [2, 1]]]",37,12,25,51,34,False,,measured and independently checked,29042,28334,31917,"[28334, 31917, 29042]"
smoke,smoke-810001-13-short_runs,short_runs,810001,82fba64709a0b86f7b5fcc1fbf4e52a32466d221833ec1a2d0b2f7035bccb261,runs_length,reference,13,6,"[1, 2, 3, 4, 2, 1]","[[[1, 2], 3], [4, [2, 1]]]",36,12,24,44,32,False,,measured and independently checked,64125,64000,64167,"[64125, 64000, 64167]"
smoke,smoke-810001-13-short_runs,short_runs,810001,82fba64709a0b86f7b5fcc1fbf4e52a32466d221833ec1a2d0b2f7035bccb261,runs_length,counted,13,6,"[1, 2, 3, 4, 2, 1]","[[[1, 2], 3], [4, [2, 1]]]",36,12,24,44,32,False,,measured and independently checked,37833,37709,41333,"[37709, 37833, 41333]"
smoke,smoke-810001-13-short_runs,short_runs,810001,82fba64709a0b86f7b5fcc1fbf4e52a32466d221833ec1a2d0b2f7035bccb261,runs_length,plain,13,6,"[1, 2, 3, 4, 2, 1]","[[[1, 2], 3], [4, [2, 1]]]",36,12,24,44,32,False,,proved symbolic instrumentation (not maintained),17292,17125,17541,"[17125, 17292, 17541]"
smoke,smoke-810001-13-short_runs,short_runs,810001,82fba64709a0b86f7b5fcc1fbf4e52a32466d221833ec1a2d0b2f7035bccb261,runs_length,staged_reference,13,6,"[1, 2, 3, 4, 2, 1]","[[[1, 2], 3], [4, [2, 1]]]",36,12,24,44,32,False,,measured and independently checked,62000,61333,70167,"[62000, 61333, 70167]"
smoke,smoke-810001-13-short_runs,short_runs,810001,82fba64709a0b86f7b5fcc1fbf4e52a32466d221833ec1a2d0b2f7035bccb261,runs_length,scan_only,13,6,"[1, 2, 3, 4, 2, 1]","[[[1, 2], 3], [4, [2, 1]]]",36,12,24,44,32,False,,measured and independently checked,50625,46792,51542,"[46792, 50625, 51542]"
smoke,smoke-810001-13-short_runs,short_runs,810001,82fba64709a0b86f7b5fcc1fbf4e52a32466d221833ec1a2d0b2f7035bccb261,runs_length,merge_only,13,6,"[1, 2, 3, 4, 2, 1]","[[[1, 2], 3], [4, [2, 1]]]",36,12,24,44,32,False,,measured and independently checked,48417,44250,52583,"[44250, 48417, 52583]"
smoke,smoke-810001-13-short_runs,short_runs,810001,82fba64709a0b86f7b5fcc1fbf4e52a32466d221833ec1a2d0b2f7035bccb261,runs_length,staged_direct,13,6,"[1, 2, 3, 4, 2, 1]","[[[1, 2], 3], [4, [2, 1]]]",36,12,24,44,32,False,,measured and independently checked,34417,33292,37417,"[33292, 34417, 37417]"
smoke,smoke-810001-13-long_runs,long_runs,810001,f461f298a0feb68fce284d027d9709f3ec5b159cc6bdf09f7576abafccdb6a5a,merge,reference,13,4,"[3, 5, 3, 2]",merge,32,0,32,52,,True,52,measured and independently checked,46375,44000,50458,"[44000, 50458, 46375]"
smoke,smoke-810001-13-long_runs,long_runs,810001,f461f298a0feb68fce284d027d9709f3ec5b159cc6bdf09f7576abafccdb6a5a,merge,counted,13,4,"[3, 5, 3, 2]",merge,32,0,32,52,,True,52,measured and independently checked,32958,29500,33125,"[33125, 29500, 32958]"
smoke,smoke-810001-13-long_runs,long_runs,810001,f461f298a0feb68fce284d027d9709f3ec5b159cc6bdf09f7576abafccdb6a5a,merge,plain,13,4,"[3, 5, 3, 2]",merge,32,0,32,52,,True,52,proved symbolic instrumentation (not maintained),11500,10208,11666,"[11666, 10208, 11500]"
smoke,smoke-810001-13-long_runs,long_runs,810001,f461f298a0feb68fce284d027d9709f3ec5b159cc6bdf09f7576abafccdb6a5a,hybrid_8,reference,13,4,"[3, 5, 3, 2]",hybrid_8,39,0,39,49,,True,49,measured and independently checked,51750,47209,53417,"[53417, 47209, 51750]"
smoke,smoke-810001-13-long_runs,long_runs,810001,f461f298a0feb68fce284d027d9709f3ec5b159cc6bdf09f7576abafccdb6a5a,hybrid_8,counted,13,4,"[3, 5, 3, 2]",hybrid_8,39,0,39,49,,True,49,measured and independently checked,28583,26875,29167,"[29167, 26875, 28583]"
smoke,smoke-810001-13-long_runs,long_runs,810001,f461f298a0feb68fce284d027d9709f3ec5b159cc6bdf09f7576abafccdb6a5a,hybrid_8,plain,13,4,"[3, 5, 3, 2]",hybrid_8,39,0,39,49,,True,49,proved symbolic instrumentation (not maintained),8583,8542,8917,"[8917, 8583, 8542]"
smoke,smoke-810001-13-long_runs,long_runs,810001,f461f298a0feb68fce284d027d9709f3ec5b159cc6bdf09f7576abafccdb6a5a,fixed_four,reference,13,4,"[3, 5, 3, 2]",fixed_four,36,8,28,61,,False,35,measured and independently checked,49375,49334,50292,"[50292, 49334, 49375]"
smoke,smoke-810001-13-long_runs,long_runs,810001,f461f298a0feb68fce284d027d9709f3ec5b159cc6bdf09f7576abafccdb6a5a,fixed_four,counted,13,4,"[3, 5, 3, 2]",fixed_four,36,8,28,61,,False,35,measured and independently checked,31000,29541,33333,"[29541, 33333, 31000]"
smoke,smoke-810001-13-long_runs,long_runs,810001,f461f298a0feb68fce284d027d9709f3ec5b159cc6bdf09f7576abafccdb6a5a,fixed_four,plain,13,4,"[3, 5, 3, 2]",fixed_four,36,8,28,61,,False,35,proved symbolic instrumentation (not maintained),10333,9709,11166,"[10333, 11166, 9709]"
smoke,smoke-810001-13-long_runs,long_runs,810001,f461f298a0feb68fce284d027d9709f3ec5b159cc6bdf09f7576abafccdb6a5a,runs_count,reference,13,4,"[3, 5, 3, 2]","[[3, 5], [3, 2]]",30,12,18,38,26,False,,measured and independently checked,48375,44167,48750,"[44167, 48750, 48375]"
smoke,smoke-810001-13-long_runs,long_runs,810001,f461f298a0feb68fce284d027d9709f3ec5b159cc6bdf09f7576abafccdb6a5a,runs_count,counted,13,4,"[3, 5, 3, 2]","[[3, 5], [3, 2]]",30,12,18,38,26,False,,measured and independently checked,23416,23250,25666,"[23416, 23250, 25666]"
smoke,smoke-810001-13-long_runs,long_runs,810001,f461f298a0feb68fce284d027d9709f3ec5b159cc6bdf09f7576abafccdb6a5a,runs_count,plain,13,4,"[3, 5, 3, 2]","[[3, 5], [3, 2]]",30,12,18,38,26,False,,proved symbolic instrumentation (not maintained),8458,7833,8750,"[8458, 7833, 8750]"
smoke,smoke-810001-13-long_runs,long_runs,810001,f461f298a0feb68fce284d027d9709f3ec5b159cc6bdf09f7576abafccdb6a5a,runs_count,staged_reference,13,4,"[3, 5, 3, 2]","[[3, 5], [3, 2]]",30,12,18,38,26,False,,measured and independently checked,42042,40959,46500,"[42042, 40959, 46500]"
smoke,smoke-810001-13-long_runs,long_runs,810001,f461f298a0feb68fce284d027d9709f3ec5b159cc6bdf09f7576abafccdb6a5a,runs_count,scan_only,13,4,"[3, 5, 3, 2]","[[3, 5], [3, 2]]",30,12,18,38,26,False,,measured and independently checked,33584,30791,34375,"[33584, 30791, 34375]"
smoke,smoke-810001-13-long_runs,long_runs,810001,f461f298a0feb68fce284d027d9709f3ec5b159cc6bdf09f7576abafccdb6a5a,runs_count,merge_only,13,4,"[3, 5, 3, 2]","[[3, 5], [3, 2]]",30,12,18,38,26,False,,measured and independently checked,35250,33875,38042,"[33875, 35250, 38042]"
smoke,smoke-810001-13-long_runs,long_runs,810001,f461f298a0feb68fce284d027d9709f3ec5b159cc6bdf09f7576abafccdb6a5a,runs_count,staged_direct,13,4,"[3, 5, 3, 2]","[[3, 5], [3, 2]]",30,12,18,38,26,False,,measured and independently checked,25041,22584,25958,"[22584, 25958, 25041]"
smoke,smoke-810001-13-long_runs,long_runs,810001,f461f298a0feb68fce284d027d9709f3ec5b159cc6bdf09f7576abafccdb6a5a,runs_length,reference,13,4,"[3, 5, 3, 2]","[[3, 5], [3, 2]]",30,12,18,38,26,False,,measured and independently checked,51666,48209,52792,"[48209, 52792, 51666]"
smoke,smoke-810001-13-long_runs,long_runs,810001,f461f298a0feb68fce284d027d9709f3ec5b159cc6bdf09f7576abafccdb6a5a,runs_length,counted,13,4,"[3, 5, 3, 2]","[[3, 5], [3, 2]]",30,12,18,38,26,False,,measured and independently checked,29334,26417,29541,"[29334, 29541, 26417]"
smoke,smoke-810001-13-long_runs,long_runs,810001,f461f298a0feb68fce284d027d9709f3ec5b159cc6bdf09f7576abafccdb6a5a,runs_length,plain,13,4,"[3, 5, 3, 2]","[[3, 5], [3, 2]]",30,12,18,38,26,False,,proved symbolic instrumentation (not maintained),12583,11250,12584,"[12583, 12584, 11250]"
smoke,smoke-810001-13-long_runs,long_runs,810001,f461f298a0feb68fce284d027d9709f3ec5b159cc6bdf09f7576abafccdb6a5a,runs_length,staged_reference,13,4,"[3, 5, 3, 2]","[[3, 5], [3, 2]]",30,12,18,38,26,False,,measured and independently checked,49625,48291,50125,"[49625, 50125, 48291]"
smoke,smoke-810001-13-long_runs,long_runs,810001,f461f298a0feb68fce284d027d9709f3ec5b159cc6bdf09f7576abafccdb6a5a,runs_length,scan_only,13,4,"[3, 5, 3, 2]","[[3, 5], [3, 2]]",30,12,18,38,26,False,,measured and independently checked,38292,34500,39000,"[34500, 39000, 38292]"
smoke,smoke-810001-13-long_runs,long_runs,810001,f461f298a0feb68fce284d027d9709f3ec5b159cc6bdf09f7576abafccdb6a5a,runs_length,merge_only,13,4,"[3, 5, 3, 2]","[[3, 5], [3, 2]]",30,12,18,38,26,False,,measured and independently checked,41709,38084,41875,"[38084, 41875, 41709]"
smoke,smoke-810001-13-long_runs,long_runs,810001,f461f298a0feb68fce284d027d9709f3ec5b159cc6bdf09f7576abafccdb6a5a,runs_length,staged_direct,13,4,"[3, 5, 3, 2]","[[3, 5], [3, 2]]",30,12,18,38,26,False,,measured and independently checked,29000,27958,30541,"[27958, 30541, 29000]"
smoke,smoke-810001-13-perturbed,perturbed,810001,0006c86c600d87735574d3b95d49806474bce643222862c5b3cdcca455e13cef,merge,reference,13,3,"[2, 7, 4]",merge,29,0,29,52,,True,52,measured and independently checked,41500,40917,41583,"[41583, 40917, 41500]"
smoke,smoke-810001-13-perturbed,perturbed,810001,0006c86c600d87735574d3b95d49806474bce643222862c5b3cdcca455e13cef,merge,counted,13,3,"[2, 7, 4]",merge,29,0,29,52,,True,52,measured and independently checked,30709,30667,30750,"[30750, 30709, 30667]"
smoke,smoke-810001-13-perturbed,perturbed,810001,0006c86c600d87735574d3b95d49806474bce643222862c5b3cdcca455e13cef,merge,plain,13,3,"[2, 7, 4]",merge,29,0,29,52,,True,52,proved symbolic instrumentation (not maintained),10792,10791,10959,"[10959, 10791, 10792]"
smoke,smoke-810001-13-perturbed,perturbed,810001,0006c86c600d87735574d3b95d49806474bce643222862c5b3cdcca455e13cef,hybrid_8,reference,13,3,"[2, 7, 4]",hybrid_8,27,0,27,49,,True,49,measured and independently checked,35209,34959,35667,"[35667, 34959, 35209]"
smoke,smoke-810001-13-perturbed,perturbed,810001,0006c86c600d87735574d3b95d49806474bce643222862c5b3cdcca455e13cef,hybrid_8,counted,13,3,"[2, 7, 4]",hybrid_8,27,0,27,49,,True,49,measured and independently checked,20959,20917,23584,"[20917, 20959, 23584]"
smoke,smoke-810001-13-perturbed,perturbed,810001,0006c86c600d87735574d3b95d49806474bce643222862c5b3cdcca455e13cef,hybrid_8,plain,13,3,"[2, 7, 4]",hybrid_8,27,0,27,49,,True,49,proved symbolic instrumentation (not maintained),6959,6834,8708,"[6959, 6834, 8708]"
smoke,smoke-810001-13-perturbed,perturbed,810001,0006c86c600d87735574d3b95d49806474bce643222862c5b3cdcca455e13cef,fixed_four,reference,13,3,"[2, 7, 4]",fixed_four,30,9,21,61,,False,35,measured and independently checked,38458,38417,38667,"[38667, 38458, 38417]"
smoke,smoke-810001-13-perturbed,perturbed,810001,0006c86c600d87735574d3b95d49806474bce643222862c5b3cdcca455e13cef,fixed_four,counted,13,3,"[2, 7, 4]",fixed_four,30,9,21,61,,False,35,measured and independently checked,25916,24833,25959,"[25959, 24833, 25916]"
smoke,smoke-810001-13-perturbed,perturbed,810001,0006c86c600d87735574d3b95d49806474bce643222862c5b3cdcca455e13cef,fixed_four,plain,13,3,"[2, 7, 4]",fixed_four,30,9,21,61,,False,35,proved symbolic instrumentation (not maintained),8625,8584,8958,"[8958, 8625, 8584]"
smoke,smoke-810001-13-perturbed,perturbed,810001,0006c86c600d87735574d3b95d49806474bce643222862c5b3cdcca455e13cef,runs_count,reference,13,3,"[2, 7, 4]","[2, [7, 4]]",30,12,18,38,24,False,,measured and independently checked,52625,52208,58375,"[58375, 52208, 52625]"
smoke,smoke-810001-13-perturbed,perturbed,810001,0006c86c600d87735574d3b95d49806474bce643222862c5b3cdcca455e13cef,runs_count,counted,13,3,"[2, 7, 4]","[2, [7, 4]]",30,12,18,38,24,False,,measured and independently checked,24791,24458,25666,"[24791, 25666, 24458]"
smoke,smoke-810001-13-perturbed,perturbed,810001,0006c86c600d87735574d3b95d49806474bce643222862c5b3cdcca455e13cef,runs_count,plain,13,3,"[2, 7, 4]","[2, [7, 4]]",30,12,18,38,24,False,,proved symbolic instrumentation (not maintained),8125,7917,8292,"[8292, 8125, 7917]"
smoke,smoke-810001-13-perturbed,perturbed,810001,0006c86c600d87735574d3b95d49806474bce643222862c5b3cdcca455e13cef,runs_count,staged_reference,13,3,"[2, 7, 4]","[2, [7, 4]]",30,12,18,38,24,False,,measured and independently checked,47958,47792,50250,"[47958, 50250, 47792]"
smoke,smoke-810001-13-perturbed,perturbed,810001,0006c86c600d87735574d3b95d49806474bce643222862c5b3cdcca455e13cef,runs_count,scan_only,13,3,"[2, 7, 4]","[2, [7, 4]]",30,12,18,38,24,False,,measured and independently checked,35875,35834,36084,"[35834, 36084, 35875]"
smoke,smoke-810001-13-perturbed,perturbed,810001,0006c86c600d87735574d3b95d49806474bce643222862c5b3cdcca455e13cef,runs_count,merge_only,13,3,"[2, 7, 4]","[2, [7, 4]]",30,12,18,38,24,False,,measured and independently checked,35791,35666,35917,"[35917, 35791, 35666]"
smoke,smoke-810001-13-perturbed,perturbed,810001,0006c86c600d87735574d3b95d49806474bce643222862c5b3cdcca455e13cef,runs_count,staged_direct,13,3,"[2, 7, 4]","[2, [7, 4]]",30,12,18,38,24,False,,measured and independently checked,23625,23291,24333,"[23291, 24333, 23625]"
smoke,smoke-810001-13-perturbed,perturbed,810001,0006c86c600d87735574d3b95d49806474bce643222862c5b3cdcca455e13cef,runs_length,reference,13,3,"[2, 7, 4]","[[2, 7], 4]",30,12,18,34,22,False,,measured and independently checked,52750,52542,52958,"[52542, 52750, 52958]"
smoke,smoke-810001-13-perturbed,perturbed,810001,0006c86c600d87735574d3b95d49806474bce643222862c5b3cdcca455e13cef,runs_length,counted,13,3,"[2, 7, 4]","[[2, 7], 4]",30,12,18,34,22,False,,measured and independently checked,27250,26958,31333,"[27250, 26958, 31333]"
smoke,smoke-810001-13-perturbed,perturbed,810001,0006c86c600d87735574d3b95d49806474bce643222862c5b3cdcca455e13cef,runs_length,plain,13,3,"[2, 7, 4]","[[2, 7], 4]",30,12,18,34,22,False,,proved symbolic instrumentation (not maintained),10875,10875,11167,"[10875, 10875, 11167]"
smoke,smoke-810001-13-perturbed,perturbed,810001,0006c86c600d87735574d3b95d49806474bce643222862c5b3cdcca455e13cef,runs_length,staged_reference,13,3,"[2, 7, 4]","[[2, 7], 4]",30,12,18,34,22,False,,measured and independently checked,50542,50041,50708,"[50542, 50041, 50708]"
smoke,smoke-810001-13-perturbed,perturbed,810001,0006c86c600d87735574d3b95d49806474bce643222862c5b3cdcca455e13cef,runs_length,scan_only,13,3,"[2, 7, 4]","[[2, 7], 4]",30,12,18,34,22,False,,measured and independently checked,38958,38833,39250,"[38833, 39250, 38958]"
smoke,smoke-810001-13-perturbed,perturbed,810001,0006c86c600d87735574d3b95d49806474bce643222862c5b3cdcca455e13cef,runs_length,merge_only,13,3,"[2, 7, 4]","[[2, 7], 4]",30,12,18,34,22,False,,measured and independently checked,38875,38833,39167,"[38833, 39167, 38875]"
smoke,smoke-810001-13-perturbed,perturbed,810001,0006c86c600d87735574d3b95d49806474bce643222862c5b3cdcca455e13cef,runs_length,staged_direct,13,3,"[2, 7, 4]","[[2, 7], 4]",30,12,18,34,22,False,,measured and independently checked,26542,26542,28000,"[26542, 28000, 26542]"
smoke,smoke-810001-13-skewed_runs,skewed_runs,810001,2dc9df783095006d9e0490c7ce97336648c31efeb0d7c2ac5ff9be6fe4fd2879,merge,reference,13,3,"[1, 10, 2]",merge,28,0,28,52,,True,52,measured and independently checked,38458,38375,38459,"[38375, 38459, 38458]"
smoke,smoke-810001-13-skewed_runs,skewed_runs,810001,2dc9df783095006d9e0490c7ce97336648c31efeb0d7c2ac5ff9be6fe4fd2879,merge,counted,13,3,"[1, 10, 2]",merge,28,0,28,52,,True,52,measured and independently checked,30084,30083,30291,"[30084, 30291, 30083]"
smoke,smoke-810001-13-skewed_runs,skewed_runs,810001,2dc9df783095006d9e0490c7ce97336648c31efeb0d7c2ac5ff9be6fe4fd2879,merge,plain,13,3,"[1, 10, 2]",merge,28,0,28,52,,True,52,proved symbolic instrumentation (not maintained),10833,10750,10833,"[10833, 10750, 10833]"
smoke,smoke-810001-13-skewed_runs,skewed_runs,810001,2dc9df783095006d9e0490c7ce97336648c31efeb0d7c2ac5ff9be6fe4fd2879,hybrid_8,reference,13,3,"[1, 10, 2]",hybrid_8,31,0,31,49,,True,49,measured and independently checked,37959,37917,38250,"[37917, 37959, 38250]"
smoke,smoke-810001-13-skewed_runs,skewed_runs,810001,2dc9df783095006d9e0490c7ce97336648c31efeb0d7c2ac5ff9be6fe4fd2879,hybrid_8,counted,13,3,"[1, 10, 2]",hybrid_8,31,0,31,49,,True,49,measured and independently checked,23291,23291,23375,"[23291, 23375, 23291]"
smoke,smoke-810001-13-skewed_runs,skewed_runs,810001,2dc9df783095006d9e0490c7ce97336648c31efeb0d7c2ac5ff9be6fe4fd2879,hybrid_8,plain,13,3,"[1, 10, 2]",hybrid_8,31,0,31,49,,True,49,proved symbolic instrumentation (not maintained),7291,7250,7292,"[7250, 7291, 7292]"
smoke,smoke-810001-13-skewed_runs,skewed_runs,810001,2dc9df783095006d9e0490c7ce97336648c31efeb0d7c2ac5ff9be6fe4fd2879,fixed_four,reference,13,3,"[1, 10, 2]",fixed_four,31,7,24,61,,False,35,measured and independently checked,40167,40125,40375,"[40167, 40375, 40125]"
smoke,smoke-810001-13-skewed_runs,skewed_runs,810001,2dc9df783095006d9e0490c7ce97336648c31efeb0d7c2ac5ff9be6fe4fd2879,fixed_four,counted,13,3,"[1, 10, 2]",fixed_four,31,7,24,61,,False,35,measured and independently checked,29792,29709,32459,"[29792, 32459, 29709]"
smoke,smoke-810001-13-skewed_runs,skewed_runs,810001,2dc9df783095006d9e0490c7ce97336648c31efeb0d7c2ac5ff9be6fe4fd2879,fixed_four,plain,13,3,"[1, 10, 2]",fixed_four,31,7,24,61,,False,35,proved symbolic instrumentation (not maintained),10125,9917,10167,"[10125, 9917, 10167]"
smoke,smoke-810001-13-skewed_runs,skewed_runs,810001,2dc9df783095006d9e0490c7ce97336648c31efeb0d7c2ac5ff9be6fe4fd2879,runs_count,reference,13,3,"[1, 10, 2]","[1, [10, 2]]",21,12,9,38,25,False,,measured and independently checked,35500,35250,38167,"[35250, 38167, 35500]"
smoke,smoke-810001-13-skewed_runs,skewed_runs,810001,2dc9df783095006d9e0490c7ce97336648c31efeb0d7c2ac5ff9be6fe4fd2879,runs_count,counted,13,3,"[1, 10, 2]","[1, [10, 2]]",21,12,9,38,25,False,,measured and independently checked,19292,18958,19459,"[18958, 19292, 19459]"
smoke,smoke-810001-13-skewed_runs,skewed_runs,810001,2dc9df783095006d9e0490c7ce97336648c31efeb0d7c2ac5ff9be6fe4fd2879,runs_count,plain,13,3,"[1, 10, 2]","[1, [10, 2]]",21,12,9,38,25,False,,proved symbolic instrumentation (not maintained),7125,6959,7125,"[7125, 7125, 6959]"
smoke,smoke-810001-13-skewed_runs,skewed_runs,810001,2dc9df783095006d9e0490c7ce97336648c31efeb0d7c2ac5ff9be6fe4fd2879,runs_count,staged_reference,13,3,"[1, 10, 2]","[1, [10, 2]]",21,12,9,38,25,False,,measured and independently checked,33166,32709,33375,"[33166, 32709, 33375]"
smoke,smoke-810001-13-skewed_runs,skewed_runs,810001,2dc9df783095006d9e0490c7ce97336648c31efeb0d7c2ac5ff9be6fe4fd2879,runs_count,scan_only,13,3,"[1, 10, 2]","[1, [10, 2]]",21,12,9,38,25,False,,measured and independently checked,21500,21292,21542,"[21500, 21542, 21292]"
smoke,smoke-810001-13-skewed_runs,skewed_runs,810001,2dc9df783095006d9e0490c7ce97336648c31efeb0d7c2ac5ff9be6fe4fd2879,runs_count,merge_only,13,3,"[1, 10, 2]","[1, [10, 2]]",21,12,9,38,25,False,,measured and independently checked,30917,30875,31000,"[30917, 30875, 31000]"
smoke,smoke-810001-13-skewed_runs,skewed_runs,810001,2dc9df783095006d9e0490c7ce97336648c31efeb0d7c2ac5ff9be6fe4fd2879,runs_count,staged_direct,13,3,"[1, 10, 2]","[1, [10, 2]]",21,12,9,38,25,False,,measured and independently checked,18667,18542,19334,"[18542, 19334, 18667]"
smoke,smoke-810001-13-skewed_runs,skewed_runs,810001,2dc9df783095006d9e0490c7ce97336648c31efeb0d7c2ac5ff9be6fe4fd2879,runs_length,reference,13,3,"[1, 10, 2]","[[1, 10], 2]",22,12,10,36,24,False,,measured and independently checked,39375,38958,39541,"[39541, 38958, 39375]"
smoke,smoke-810001-13-skewed_runs,skewed_runs,810001,2dc9df783095006d9e0490c7ce97336648c31efeb0d7c2ac5ff9be6fe4fd2879,runs_length,counted,13,3,"[1, 10, 2]","[[1, 10], 2]",22,12,10,36,24,False,,measured and independently checked,22541,22459,22625,"[22459, 22625, 22541]"
smoke,smoke-810001-13-skewed_runs,skewed_runs,810001,2dc9df783095006d9e0490c7ce97336648c31efeb0d7c2ac5ff9be6fe4fd2879,runs_length,plain,13,3,"[1, 10, 2]","[[1, 10], 2]",22,12,10,36,24,False,,proved symbolic instrumentation (not maintained),9833,9666,9875,"[9833, 9875, 9666]"
smoke,smoke-810001-13-skewed_runs,skewed_runs,810001,2dc9df783095006d9e0490c7ce97336648c31efeb0d7c2ac5ff9be6fe4fd2879,runs_length,staged_reference,13,3,"[1, 10, 2]","[[1, 10], 2]",22,12,10,36,24,False,,measured and independently checked,37041,36458,37083,"[37041, 36458, 37083]"
smoke,smoke-810001-13-skewed_runs,skewed_runs,810001,2dc9df783095006d9e0490c7ce97336648c31efeb0d7c2ac5ff9be6fe4fd2879,runs_length,scan_only,13,3,"[1, 10, 2]","[[1, 10], 2]",22,12,10,36,24,False,,measured and independently checked,25375,25208,25625,"[25375, 25625, 25208]"
smoke,smoke-810001-13-skewed_runs,skewed_runs,810001,2dc9df783095006d9e0490c7ce97336648c31efeb0d7c2ac5ff9be6fe4fd2879,runs_length,merge_only,13,3,"[1, 10, 2]","[[1, 10], 2]",22,12,10,36,24,False,,measured and independently checked,34250,34250,34708,"[34250, 34708, 34250]"
smoke,smoke-810001-13-skewed_runs,skewed_runs,810001,2dc9df783095006d9e0490c7ce97336648c31efeb0d7c2ac5ff9be6fe4fd2879,runs_length,staged_direct,13,3,"[1, 10, 2]","[[1, 10], 2]",22,12,10,36,24,False,,measured and independently checked,22083,21916,23792,"[21916, 23792, 22083]"
smoke,smoke-810001-29-random,random,810001,383a6a69388e42421b415a3b6e2f795425ba5d4e4fe0e46e9abf7e802b973d88,merge,reference,29,16,"[1, 1, 2, 1, 2, 1, 4, 1, 2, 3, 3, 2, 1, 1, 3, 1]",merge,108,0,108,145,,True,145,measured and independently checked,205834,205334,210792,"[205334, 210792, 205834]"
smoke,smoke-810001-29-random,random,810001,383a6a69388e42421b415a3b6e2f795425ba5d4e4fe0e46e9abf7e802b973d88,merge,counted,29,16,"[1, 1, 2, 1, 2, 1, 4, 1, 2, 3, 3, 2, 1, 1, 3, 1]",merge,108,0,108,145,,True,145,measured and independently checked,94625,93875,99875,"[94625, 93875, 99875]"
smoke,smoke-810001-29-random,random,810001,383a6a69388e42421b415a3b6e2f795425ba5d4e4fe0e46e9abf7e802b973d88,merge,plain,29,16,"[1, 1, 2, 1, 2, 1, 4, 1, 2, 3, 3, 2, 1, 1, 3, 1]",merge,108,0,108,145,,True,145,proved symbolic instrumentation (not maintained),28750,28500,28833,"[28833, 28500, 28750]"
smoke,smoke-810001-29-random,random,810001,383a6a69388e42421b415a3b6e2f795425ba5d4e4fe0e46e9abf7e802b973d88,hybrid_8,reference,29,16,"[1, 1, 2, 1, 2, 1, 4, 1, 2, 3, 3, 2, 1, 1, 3, 1]",hybrid_8,124,0,124,149,,True,149,measured and independently checked,221458,219875,228333,"[221458, 219875, 228333]"
smoke,smoke-810001-29-random,random,810001,383a6a69388e42421b415a3b6e2f795425ba5d4e4fe0e46e9abf7e802b973d88,hybrid_8,counted,29,16,"[1, 1, 2, 1, 2, 1, 4, 1, 2, 3, 3, 2, 1, 1, 3, 1]",hybrid_8,124,0,124,149,,True,149,measured and independently checked,81167,81083,81208,"[81167, 81208, 81083]"
smoke,smoke-810001-29-random,random,810001,383a6a69388e42421b415a3b6e2f795425ba5d4e4fe0e46e9abf7e802b973d88,hybrid_8,plain,29,16,"[1, 1, 2, 1, 2, 1, 4, 1, 2, 3, 3, 2, 1, 1, 3, 1]",hybrid_8,124,0,124,149,,True,149,proved symbolic instrumentation (not maintained),21292,21167,21458,"[21458, 21167, 21292]"
smoke,smoke-810001-29-random,random,810001,383a6a69388e42421b415a3b6e2f795425ba5d4e4fe0e46e9abf7e802b973d88,fixed_four,reference,29,16,"[1, 1, 2, 1, 2, 1, 4, 1, 2, 3, 3, 2, 1, 1, 3, 1]",fixed_four,113,5,108,170,,False,83,measured and independently checked,211000,209208,211125,"[211000, 211125, 209208]"
smoke,smoke-810001-29-random,random,810001,383a6a69388e42421b415a3b6e2f795425ba5d4e4fe0e46e9abf7e802b973d88,fixed_four,counted,29,16,"[1, 1, 2, 1, 2, 1, 4, 1, 2, 3, 3, 2, 1, 1, 3, 1]",fixed_four,113,5,108,170,,False,83,measured and independently checked,99083,98750,99458,"[98750, 99458, 99083]"
smoke,smoke-810001-29-random,random,810001,383a6a69388e42421b415a3b6e2f795425ba5d4e4fe0e46e9abf7e802b973d88,fixed_four,plain,29,16,"[1, 1, 2, 1, 2, 1, 4, 1, 2, 3, 3, 2, 1, 1, 3, 1]",fixed_four,113,5,108,170,,False,83,proved symbolic instrumentation (not maintained),30084,30084,30125,"[30084, 30125, 30084]"
smoke,smoke-810001-29-random,random,810001,383a6a69388e42421b415a3b6e2f795425ba5d4e4fe0e46e9abf7e802b973d88,runs_count,reference,29,16,"[1, 1, 2, 1, 2, 1, 4, 1, 2, 3, 3, 2, 1, 1, 3, 1]","[[[[1, 1], [2, 1]], [[2, 1], [4, 1]]], [[[2, 3], [3, 2]], [[1, 1], [3, 1]]]]",120,28,92,144,116,False,,measured and independently checked,270625,269209,293583,"[293583, 270625, 269209]"
smoke,smoke-810001-29-random,random,810001,383a6a69388e42421b415a3b6e2f795425ba5d4e4fe0e46e9abf7e802b973d88,runs_count,counted,29,16,"[1, 1, 2, 1, 2, 1, 4, 1, 2, 3, 3, 2, 1, 1, 3, 1]","[[[[1, 1], [2, 1]], [[2, 1], [4, 1]]], [[[2, 3], [3, 2]], [[1, 1], [3, 1]]]]",120,28,92,144,116,False,,measured and independently checked,92375,92333,93750,"[93750, 92375, 92333]"
smoke,smoke-810001-29-random,random,810001,383a6a69388e42421b415a3b6e2f795425ba5d4e4fe0e46e9abf7e802b973d88,runs_count,plain,29,16,"[1, 1, 2, 1, 2, 1, 4, 1, 2, 3, 3, 2, 1, 1, 3, 1]","[[[[1, 1], [2, 1]], [[2, 1], [4, 1]]], [[[2, 3], [3, 2]], [[1, 1], [3, 1]]]]",120,28,92,144,116,False,,proved symbolic instrumentation (not maintained),27709,27542,27791,"[27791, 27542, 27709]"
smoke,smoke-810001-29-random,random,810001,383a6a69388e42421b415a3b6e2f795425ba5d4e4fe0e46e9abf7e802b973d88,runs_count,staged_reference,29,16,"[1, 1, 2, 1, 2, 1, 4, 1, 2, 3, 3, 2, 1, 1, 3, 1]","[[[[1, 1], [2, 1]], [[2, 1], [4, 1]]], [[[2, 3], [3, 2]], [[1, 1], [3, 1]]]]",120,28,92,144,116,False,,measured and independently checked,266917,265750,268125,"[266917, 265750, 268125]"
smoke,smoke-810001-29-random,random,810001,383a6a69388e42421b415a3b6e2f795425ba5d4e4fe0e46e9abf7e802b973d88,runs_count,scan_only,29,16,"[1, 1, 2, 1, 2, 1, 4, 1, 2, 3, 3, 2, 1, 1, 3, 1]","[[[[1, 1], [2, 1]], [[2, 1], [4, 1]]], [[[2, 3], [3, 2]], [[1, 1], [3, 1]]]]",120,28,92,144,116,False,,measured and independently checked,198625,198083,209083,"[198083, 198625, 209083]"
smoke,smoke-810001-29-random,random,810001,383a6a69388e42421b415a3b6e2f795425ba5d4e4fe0e46e9abf7e802b973d88,runs_count,merge_only,29,16,"[1, 1, 2, 1, 2, 1, 4, 1, 2, 3, 3, 2, 1, 1, 3, 1]","[[[[1, 1], [2, 1]], [[2, 1], [4, 1]]], [[[2, 3], [3, 2]], [[1, 1], [3, 1]]]]",120,28,92,144,116,False,,measured and independently checked,160500,159833,169000,"[160500, 169000, 159833]"
smoke,smoke-810001-29-random,random,810001,383a6a69388e42421b415a3b6e2f795425ba5d4e4fe0e46e9abf7e802b973d88,runs_count,staged_direct,29,16,"[1, 1, 2, 1, 2, 1, 4, 1, 2, 3, 3, 2, 1, 1, 3, 1]","[[[[1, 1], [2, 1]], [[2, 1], [4, 1]]], [[[2, 3], [3, 2]], [[1, 1], [3, 1]]]]",120,28,92,144,116,False,,measured and independently checked,91125,91000,92417,"[91125, 92417, 91000]"
smoke,smoke-810001-29-random,random,810001,383a6a69388e42421b415a3b6e2f795425ba5d4e4fe0e46e9abf7e802b973d88,runs_length,reference,29,16,"[1, 1, 2, 1, 2, 1, 4, 1, 2, 3, 3, 2, 1, 1, 3, 1]","[[[[[1, 1], 2], [1, [2, 1]]], [4, [1, 2]]], [[3, 3], [[2, [1, 1]], [3, 1]]]]",120,28,92,141,113,False,,measured and independently checked,305500,299750,306042,"[305500, 299750, 306042]"
smoke,smoke-810001-29-random,random,810001,383a6a69388e42421b415a3b6e2f795425ba5d4e4fe0e46e9abf7e802b973d88,runs_length,counted,29,16,"[1, 1, 2, 1, 2, 1, 4, 1, 2, 3, 3, 2, 1, 1, 3, 1]","[[[[[1, 1], 2], [1, [2, 1]]], [4, [1, 2]]], [[3, 3], [[2, [1, 1]], [3, 1]]]]",120,28,92,141,113,False,,measured and independently checked,114459,114125,114625,"[114625, 114125, 114459]"
smoke,smoke-810001-29-random,random,810001,383a6a69388e42421b415a3b6e2f795425ba5d4e4fe0e46e9abf7e802b973d88,runs_length,plain,29,16,"[1, 1, 2, 1, 2, 1, 4, 1, 2, 3, 3, 2, 1, 1, 3, 1]","[[[[[1, 1], 2], [1, [2, 1]]], [4, [1, 2]]], [[3, 3], [[2, [1, 1]], [3, 1]]]]",120,28,92,141,113,False,,proved symbolic instrumentation (not maintained),50458,50250,50458,"[50250, 50458, 50458]"
smoke,smoke-810001-29-random,random,810001,383a6a69388e42421b415a3b6e2f795425ba5d4e4fe0e46e9abf7e802b973d88,runs_length,staged_reference,29,16,"[1, 1, 2, 1, 2, 1, 4, 1, 2, 3, 3, 2, 1, 1, 3, 1]","[[[[[1, 1], 2], [1, [2, 1]]], [4, [1, 2]]], [[3, 3], [[2, [1, 1]], [3, 1]]]]",120,28,92,141,113,False,,measured and independently checked,295000,294625,303417,"[303417, 295000, 294625]"
smoke,smoke-810001-29-random,random,810001,383a6a69388e42421b415a3b6e2f795425ba5d4e4fe0e46e9abf7e802b973d88,runs_length,scan_only,29,16,"[1, 1, 2, 1, 2, 1, 4, 1, 2, 3, 3, 2, 1, 1, 3, 1]","[[[[[1, 1], 2], [1, [2, 1]]], [4, [1, 2]]], [[3, 3], [[2, [1, 1]], [3, 1]]]]",120,28,92,141,113,False,,measured and independently checked,231292,225917,232250,"[232250, 231292, 225917]"
smoke,smoke-810001-29-random,random,810001,383a6a69388e42421b415a3b6e2f795425ba5d4e4fe0e46e9abf7e802b973d88,runs_length,merge_only,29,16,"[1, 1, 2, 1, 2, 1, 4, 1, 2, 3, 3, 2, 1, 1, 3, 1]","[[[[[1, 1], 2], [1, [2, 1]]], [4, [1, 2]]], [[3, 3], [[2, [1, 1]], [3, 1]]]]",120,28,92,141,113,False,,measured and independently checked,183167,182292,183250,"[183167, 183250, 182292]"
smoke,smoke-810001-29-random,random,810001,383a6a69388e42421b415a3b6e2f795425ba5d4e4fe0e46e9abf7e802b973d88,runs_length,staged_direct,29,16,"[1, 1, 2, 1, 2, 1, 4, 1, 2, 3, 3, 2, 1, 1, 3, 1]","[[[[[1, 1], 2], [1, [2, 1]]], [4, [1, 2]]], [[3, 3], [[2, [1, 1]], [3, 1]]]]",120,28,92,141,113,False,,measured and independently checked,117042,113917,121667,"[113917, 121667, 117042]"
smoke,smoke-810001-29-sorted,sorted,810001,49be1417aa09317d2a03629ab4f3195ad9f8c20b10ca210c2b92a3d6a3757d84,merge,reference,29,1,[29],merge,67,0,67,145,,True,145,measured and independently checked,105709,104916,114958,"[105709, 104916, 114958]"
smoke,smoke-810001-29-sorted,sorted,810001,49be1417aa09317d2a03629ab4f3195ad9f8c20b10ca210c2b92a3d6a3757d84,merge,counted,29,1,[29],merge,67,0,67,145,,True,145,measured and independently checked,68541,60958,68667,"[68667, 68541, 60958]"
smoke,smoke-810001-29-sorted,sorted,810001,49be1417aa09317d2a03629ab4f3195ad9f8c20b10ca210c2b92a3d6a3757d84,merge,plain,29,1,[29],merge,67,0,67,145,,True,145,proved symbolic instrumentation (not maintained),26166,20708,26709,"[26166, 26709, 20708]"
smoke,smoke-810001-29-sorted,sorted,810001,49be1417aa09317d2a03629ab4f3195ad9f8c20b10ca210c2b92a3d6a3757d84,hybrid_8,reference,29,1,[29],hybrid_8,53,0,53,149,,True,149,measured and independently checked,79292,77542,79500,"[79500, 79292, 77542]"
smoke,smoke-810001-29-sorted,sorted,810001,49be1417aa09317d2a03629ab4f3195ad9f8c20b10ca210c2b92a3d6a3757d84,hybrid_8,counted,29,1,[29],hybrid_8,53,0,53,149,,True,149,measured and independently checked,40833,40375,41541,"[40833, 41541, 40375]"
smoke,smoke-810001-29-sorted,sorted,810001,49be1417aa09317d2a03629ab4f3195ad9f8c20b10ca210c2b92a3d6a3757d84,hybrid_8,plain,29,1,[29],hybrid_8,53,0,53,149,,True,149,proved symbolic instrumentation (not maintained),12791,12500,12792,"[12500, 12791, 12792]"
smoke,smoke-810001-29-sorted,sorted,810001,49be1417aa09317d2a03629ab4f3195ad9f8c20b10ca210c2b92a3d6a3757d84,fixed_four,reference,29,1,[29],fixed_four,53,25,28,170,,True,83,measured and independently checked,66208,65750,71333,"[71333, 65750, 66208]"
smoke,smoke-810001-29-sorted,sorted,810001,49be1417aa09317d2a03629ab4f3195ad9f8c20b10ca210c2b92a3d6a3757d84,fixed_four,counted,29,1,[29],fixed_four,53,25,28,170,,True,83,measured and independently checked,35208,33125,35333,"[35208, 35333, 33125]"
smoke,smoke-810001-29-sorted,sorted,810001,49be1417aa09317d2a03629ab4f3195ad9f8c20b10ca210c2b92a3d6a3757d84,fixed_four,plain,29,1,[29],fixed_four,53,25,28,170,,True,83,proved symbolic instrumentation (not maintained),10834,9500,11334,"[10834, 11334, 9500]"
smoke,smoke-810001-29-sorted,sorted,810001,49be1417aa09317d2a03629ab4f3195ad9f8c20b10ca210c2b92a3d6a3757d84,runs_count,reference,29,1,[29],29,28,28,0,28,0,False,,measured and independently checked,94041,87209,115333,"[115333, 94041, 87209]"
smoke,smoke-810001-29-sorted,sorted,810001,49be1417aa09317d2a03629ab4f3195ad9f8c20b10ca210c2b92a3d6a3757d84,runs_count,counted,29,1,[29],29,28,28,0,28,0,False,,measured and independently checked,23000,22167,23750,"[23750, 22167, 23000]"
smoke,smoke-810001-29-sorted,sorted,810001,49be1417aa09317d2a03629ab4f3195ad9f8c20b10ca210c2b92a3d6a3757d84,runs_count,plain,29,1,[29],29,28,28,0,28,0,False,,proved symbolic instrumentation (not maintained),7791,7625,8000,"[7791, 8000, 7625]"
smoke,smoke-810001-29-sorted,sorted,810001,49be1417aa09317d2a03629ab4f3195ad9f8c20b10ca210c2b92a3d6a3757d84,runs_count,staged_reference,29,1,[29],29,28,28,0,28,0,False,,measured and independently checked,105709,91000,107333,"[91000, 105709, 107333]"
smoke,smoke-810001-29-sorted,sorted,810001,49be1417aa09317d2a03629ab4f3195ad9f8c20b10ca210c2b92a3d6a3757d84,runs_count,scan_only,29,1,[29],29,28,28,0,28,0,False,,measured and independently checked,22500,20417,22667,"[22667, 22500, 20417]"
smoke,smoke-810001-29-sorted,sorted,810001,49be1417aa09317d2a03629ab4f3195ad9f8c20b10ca210c2b92a3d6a3757d84,runs_count,merge_only,29,1,[29],29,28,28,0,28,0,False,,measured and independently checked,89250,80000,90875,"[90875, 89250, 80000]"
smoke,smoke-810001-29-sorted,sorted,810001,49be1417aa09317d2a03629ab4f3195ad9f8c20b10ca210c2b92a3d6a3757d84,runs_count,staged_direct,29,1,[29],29,28,28,0,28,0,False,,measured and independently checked,22500,21542,22667,"[22500, 22667, 21542]"
smoke,smoke-810001-29-sorted,sorted,810001,49be1417aa09317d2a03629ab4f3195ad9f8c20b10ca210c2b92a3d6a3757d84,runs_length,reference,29,1,[29],29,28,28,0,28,0,False,,measured and independently checked,94041,94000,95583,"[95583, 94000, 94041]"
smoke,smoke-810001-29-sorted,sorted,810001,49be1417aa09317d2a03629ab4f3195ad9f8c20b10ca210c2b92a3d6a3757d84,runs_length,counted,29,1,[29],29,28,28,0,28,0,False,,measured and independently checked,22416,22250,22583,"[22416, 22583, 22250]"
smoke,smoke-810001-29-sorted,sorted,810001,49be1417aa09317d2a03629ab4f3195ad9f8c20b10ca210c2b92a3d6a3757d84,runs_length,plain,29,1,[29],29,28,28,0,28,0,False,,proved symbolic instrumentation (not maintained),7709,7625,7750,"[7709, 7750, 7625]"
smoke,smoke-810001-29-sorted,sorted,810001,49be1417aa09317d2a03629ab4f3195ad9f8c20b10ca210c2b92a3d6a3757d84,runs_length,staged_reference,29,1,[29],29,28,28,0,28,0,False,,measured and independently checked,89042,85167,102125,"[102125, 85167, 89042]"
smoke,smoke-810001-29-sorted,sorted,810001,49be1417aa09317d2a03629ab4f3195ad9f8c20b10ca210c2b92a3d6a3757d84,runs_length,scan_only,29,1,[29],29,28,28,0,28,0,False,,measured and independently checked,22666,20625,24084,"[24084, 20625, 22666]"
smoke,smoke-810001-29-sorted,sorted,810001,49be1417aa09317d2a03629ab4f3195ad9f8c20b10ca210c2b92a3d6a3757d84,runs_length,merge_only,29,1,[29],29,28,28,0,28,0,False,,measured and independently checked,85416,83875,95584,"[95584, 83875, 85416]"
smoke,smoke-810001-29-sorted,sorted,810001,49be1417aa09317d2a03629ab4f3195ad9f8c20b10ca210c2b92a3d6a3757d84,runs_length,staged_direct,29,1,[29],29,28,28,0,28,0,False,,measured and independently checked,22458,20167,23667,"[22458, 23667, 20167]"
smoke,smoke-810001-29-reverse,reverse,810001,cb865c0e4940862d1667a1a23f0fd701c597c5c1c8ac3efb550509ac5e0314bb,merge,reference,29,29,"[1, 1, 1, 1, 1, 1, 1, 1, 1, 1, 1, 1, 1, 1, 1, 1, 1, 1, 1, 1, 1, 1, 1, 1, 1, 1, 1, 1, 1]",merge,75,0,75,145,,True,145,measured and independently checked,119458,119083,125000,"[119083, 125000, 119458]"
smoke,smoke-810001-29-reverse,reverse,810001,cb865c0e4940862d1667a1a23f0fd701c597c5c1c8ac3efb550509ac5e0314bb,merge,counted,29,29,"[1, 1, 1, 1, 1, 1, 1, 1, 1, 1, 1, 1, 1, 1, 1, 1, 1, 1, 1, 1, 1, 1, 1, 1, 1, 1, 1, 1, 1]",merge,75,0,75,145,,True,145,measured and independently checked,73500,73209,73958,"[73958, 73500, 73209]"
smoke,smoke-810001-29-reverse,reverse,810001,cb865c0e4940862d1667a1a23f0fd701c597c5c1c8ac3efb550509ac5e0314bb,merge,plain,29,29,"[1, 1, 1, 1, 1, 1, 1, 1, 1, 1, 1, 1, 1, 1, 1, 1, 1, 1, 1, 1, 1, 1, 1, 1, 1, 1, 1, 1, 1]",merge,75,0,75,145,,True,145,proved symbolic instrumentation (not maintained),24458,24333,24708,"[24708, 24458, 24333]"
smoke,smoke-810001-29-reverse,reverse,810001,cb865c0e4940862d1667a1a23f0fd701c597c5c1c8ac3efb550509ac5e0314bb,hybrid_8,reference,29,29,"[1, 1, 1, 1, 1, 1, 1, 1, 1, 1, 1, 1, 1, 1, 1, 1, 1, 1, 1, 1, 1, 1, 1, 1, 1, 1, 1, 1, 1]",hybrid_8,121,0,121,149,,True,149,measured and independently checked,186333,186041,186500,"[186333, 186500, 186041]"
smoke,smoke-810001-29-reverse,reverse,810001,cb865c0e4940862d1667a1a23f0fd701c597c5c1c8ac3efb550509ac5e0314bb,hybrid_8,counted,29,29,"[1, 1, 1, 1, 1, 1, 1, 1, 1, 1, 1, 1, 1, 1, 1, 1, 1, 1, 1, 1, 1, 1, 1, 1, 1, 1, 1, 1, 1]",hybrid_8,121,0,121,149,,True,149,measured and independently checked,82167,81875,82875,"[82875, 81875, 82167]"
smoke,smoke-810001-29-reverse,reverse,810001,cb865c0e4940862d1667a1a23f0fd701c597c5c1c8ac3efb550509ac5e0314bb,hybrid_8,plain,29,29,"[1, 1, 1, 1, 1, 1, 1, 1, 1, 1, 1, 1, 1, 1, 1, 1, 1, 1, 1, 1, 1, 1, 1, 1, 1, 1, 1, 1, 1]",hybrid_8,121,0,121,149,,True,149,proved symbolic instrumentation (not maintained),21416,21083,21500,"[21500, 21416, 21083]"
smoke,smoke-810001-29-reverse,reverse,810001,cb865c0e4940862d1667a1a23f0fd701c597c5c1c8ac3efb550509ac5e0314bb,fixed_four,reference,29,29,"[1, 1, 1, 1, 1, 1, 1, 1, 1, 1, 1, 1, 1, 1, 1, 1, 1, 1, 1, 1, 1, 1, 1, 1, 1, 1, 1, 1, 1]",fixed_four,79,4,75,170,,False,83,measured and independently checked,124959,124375,125000,"[124959, 124375, 125000]"
smoke,smoke-810001-29-reverse,reverse,810001,cb865c0e4940862d1667a1a23f0fd701c597c5c1c8ac3efb550509ac5e0314bb,fixed_four,counted,29,29,"[1, 1, 1, 1, 1, 1, 1, 1, 1, 1, 1, 1, 1, 1, 1, 1, 1, 1, 1, 1, 1, 1, 1, 1, 1, 1, 1, 1, 1]",fixed_four,79,4,75,170,,False,83,measured and independently checked,78125,78042,86666,"[86666, 78125, 78042]"
smoke,smoke-810001-29-reverse,reverse,810001,cb865c0e4940862d1667a1a23f0fd701c597c5c1c8ac3efb550509ac5e0314bb,fixed_four,plain,29,29,"[1, 1, 1, 1, 1, 1, 1, 1, 1, 1, 1, 1, 1, 1, 1, 1, 1, 1, 1, 1, 1, 1, 1, 1, 1, 1, 1, 1, 1]",fixed_four,79,4,75,170,,False,83,proved symbolic instrumentation (not maintained),25750,25625,28708,"[25750, 28708, 25625]"
smoke,smoke-810001-29-reverse,reverse,810001,cb865c0e4940862d1667a1a23f0fd701c597c5c1c8ac3efb550509ac5e0314bb,runs_count,reference,29,29,"[1, 1, 1, 1, 1, 1, 1, 1, 1, 1, 1, 1, 1, 1, 1, 1, 1, 1, 1, 1, 1, 1, 1, 1, 1, 1, 1, 1, 1]","[[[[1, [1, 1]], [[1, 1], [1, 1]]], [[1, [1, 1]], [[1, 1], [1, 1]]]], [[[1, [1, 1]], [[1, 1], [1, 1]]], [[[1, 1], [1, 1]], [[1, 1], [1, 1]]]]]",103,28,75,173,142,False,,measured and independently checked,223833,217333,233084,"[217333, 233084, 223833]"
smoke,smoke-810001-29-reverse,reverse,810001,cb865c0e4940862d1667a1a23f0fd701c597c5c1c8ac3efb550509ac5e0314bb,runs_count,counted,29,29,"[1, 1, 1, 1, 1, 1, 1, 1, 1, 1, 1, 1, 1, 1, 1, 1, 1, 1, 1, 1, 1, 1, 1, 1, 1, 1, 1, 1, 1]","[[[[1, [1, 1]], [[1, 1], [1, 1]]], [[1, [1, 1]], [[1, 1], [1, 1]]]], [[[1, [1, 1]], [[1, 1], [1, 1]]], [[[1, 1], [1, 1]], [[1, 1], [1, 1]]]]]",103,28,75,173,142,False,,measured and independently checked,93750,93417,96500,"[96500, 93417, 93750]"
smoke,smoke-810001-29-reverse,reverse,810001,cb865c0e4940862d1667a1a23f0fd701c597c5c1c8ac3efb550509ac5e0314bb,runs_count,plain,29,29,"[1, 1, 1, 1, 1, 1, 1, 1, 1, 1, 1, 1, 1, 1, 1, 1, 1, 1, 1, 1, 1, 1, 1, 1, 1, 1, 1, 1, 1]","[[[[1, [1, 1]], [[1, 1], [1, 1]]], [[1, [1, 1]], [[1, 1], [1, 1]]]], [[[1, [1, 1]], [[1, 1], [1, 1]]], [[[1, 1], [1, 1]], [[1, 1], [1, 1]]]]]",103,28,75,173,142,False,,proved symbolic instrumentation (not maintained),31750,31458,31959,"[31959, 31458, 31750]"
smoke,smoke-810001-29-reverse,reverse,810001,cb865c0e4940862d1667a1a23f0fd701c597c5c1c8ac3efb550509ac5e0314bb,runs_count,staged_reference,29,29,"[1, 1, 1, 1, 1, 1, 1, 1, 1, 1, 1, 1, 1, 1, 1, 1, 1, 1, 1, 1, 1, 1, 1, 1, 1, 1, 1, 1, 1]","[[[[1, [1, 1]], [[1, 1], [1, 1]]], [[1, [1, 1]], [[1, 1], [1, 1]]]], [[[1, [1, 1]], [[1, 1], [1, 1]]], [[[1, 1], [1, 1]], [[1, 1], [1, 1]]]]]",103,28,75,173,142,False,,measured and independently checked,212000,209042,212459,"[209042, 212459, 212000]"
smoke,smoke-810001-29-reverse,reverse,810001,cb865c0e4940862d1667a1a23f0fd701c597c5c1c8ac3efb550509ac5e0314bb,runs_count,scan_only,29,29,"[1, 1, 1, 1, 1, 1, 1, 1, 1, 1, 1, 1, 1, 1, 1, 1, 1, 1, 1, 1, 1, 1, 1, 1, 1, 1, 1, 1, 1]","[[[[1, [1, 1]], [[1, 1], [1, 1]]], [[1, [1, 1]], [[1, 1], [1, 1]]]], [[[1, [1, 1]], [[1, 1], [1, 1]]], [[[1, 1], [1, 1]], [[1, 1], [1, 1]]]]]",103,28,75,173,142,False,,measured and independently checked,141958,141291,142375,"[141958, 142375, 141291]"
smoke,smoke-810001-29-reverse,reverse,810001,cb865c0e4940862d1667a1a23f0fd701c597c5c1c8ac3efb550509ac5e0314bb,runs_count,merge_only,29,29,"[1, 1, 1, 1, 1, 1, 1, 1, 1, 1, 1, 1, 1, 1, 1, 1, 1, 1, 1, 1, 1, 1, 1, 1, 1, 1, 1, 1, 1]","[[[[1, [1, 1]], [[1, 1], [1, 1]]], [[1, [1, 1]], [[1, 1], [1, 1]]]], [[[1, [1, 1]], [[1, 1], [1, 1]]], [[[1, 1], [1, 1]], [[1, 1], [1, 1]]]]]",103,28,75,173,142,False,,measured and independently checked,162500,158542,163334,"[158542, 162500, 163334]"
smoke,smoke-810001-29-reverse,reverse,810001,cb865c0e4940862d1667a1a23f0fd701c597c5c1c8ac3efb550509ac5e0314bb,runs_count,staged_direct,29,29,"[1, 1, 1, 1, 1, 1, 1, 1, 1, 1, 1, 1, 1, 1, 1, 1, 1, 1, 1, 1, 1, 1, 1, 1, 1, 1, 1, 1, 1]","[[[[1, [1, 1]], [[1, 1], [1, 1]]], [[1, [1, 1]], [[1, 1], [1, 1]]]], [[[1, [1, 1]], [[1, 1], [1, 1]]], [[[1, 1], [1, 1]], [[1, 1], [1, 1]]]]]",103,28,75,173,142,False,,measured and independently checked,93541,92958,94208,"[93541, 94208, 92958]"
smoke,smoke-810001-29-reverse,reverse,810001,cb865c0e4940862d1667a1a23f0fd701c597c5c1c8ac3efb550509ac5e0314bb,runs_length,reference,29,29,"[1, 1, 1, 1, 1, 1, 1, 1, 1, 1, 1, 1, 1, 1, 1, 1, 1, 1, 1, 1, 1, 1, 1, 1, 1, 1, 1, 1, 1]","[[[[[1, 1], [1, 1]], [[1, 1], [1, 1]]], [[[1, 1], [1, 1]], [[1, 1], 1]]], [[[[1, 1], [1, 1]], [[1, 1], 1]], [[[1, 1], [1, 1]], [[1, 1], 1]]]]",95,28,67,170,142,False,,measured and independently checked,249500,249291,250750,"[250750, 249291, 249500]"
smoke,smoke-810001-29-reverse,reverse,810001,cb865c0e4940862d1667a1a23f0fd701c597c5c1c8ac3efb550509ac5e0314bb,runs_length,counted,29,29,"[1, 1, 1, 1, 1, 1, 1, 1, 1, 1, 1, 1, 1, 1, 1, 1, 1, 1, 1, 1, 1, 1, 1, 1, 1, 1, 1, 1, 1]","[[[[[1, 1], [1, 1]], [[1, 1], [1, 1]]], [[[1, 1], [1, 1]], [[1, 1], 1]]], [[[[1, 1], [1, 1]], [[1, 1], 1]], [[[1, 1], [1, 1]], [[1, 1], 1]]]]",95,28,67,170,142,False,,measured and independently checked,137708,130250,142375,"[130250, 137708, 142375]"
smoke,smoke-810001-29-reverse,reverse,810001,cb865c0e4940862d1667a1a23f0fd701c597c5c1c8ac3efb550509ac5e0314bb,runs_length,plain,29,29,"[1, 1, 1, 1, 1, 1, 1, 1, 1, 1, 1, 1, 1, 1, 1, 1, 1, 1, 1, 1, 1, 1, 1, 1, 1, 1, 1, 1, 1]","[[[[[1, 1], [1, 1]], [[1, 1], [1, 1]]], [[[1, 1], [1, 1]], [[1, 1], 1]]], [[[[1, 1], [1, 1]], [[1, 1], 1]], [[[1, 1], [1, 1]], [[1, 1], 1]]]]",95,28,67,170,142,False,,proved symbolic instrumentation (not maintained),76417,76417,76542,"[76542, 76417, 76417]"
smoke,smoke-810001-29-reverse,reverse,810001,cb865c0e4940862d1667a1a23f0fd701c597c5c1c8ac3efb550509ac5e0314bb,runs_length,staged_reference,29,29,"[1, 1, 1, 1, 1, 1, 1, 1, 1, 1, 1, 1, 1, 1, 1, 1, 1, 1, 1, 1, 1, 1, 1, 1, 1, 1, 1, 1, 1]","[[[[[1, 1], [1, 1]], [[1, 1], [1, 1]]], [[[1, 1], [1, 1]], [[1, 1], 1]]], [[[[1, 1], [1, 1]], [[1, 1], 1]], [[[1, 1], [1, 1]], [[1, 1], 1]]]]",95,28,67,170,142,False,,measured and independently checked,244500,243333,252417,"[244500, 243333, 252417]"
smoke,smoke-810001-29-reverse,reverse,810001,cb865c0e4940862d1667a1a23f0fd701c597c5c1c8ac3efb550509ac5e0314bb,runs_length,scan_only,29,29,"[1, 1, 1, 1, 1, 1, 1, 1, 1, 1, 1, 1, 1, 1, 1, 1, 1, 1, 1, 1, 1, 1, 1, 1, 1, 1, 1, 1, 1]","[[[[[1, 1], [1, 1]], [[1, 1], [1, 1]]], [[[1, 1], [1, 1]], [[1, 1], 1]]], [[[[1, 1], [1, 1]], [[1, 1], 1]], [[[1, 1], [1, 1]], [[1, 1], 1]]]]",95,28,67,170,142,False,,measured and independently checked,175500,174500,175708,"[175708, 175500, 174500]"
smoke,smoke-810001-29-reverse,reverse,810001,cb865c0e4940862d1667a1a23f0fd701c597c5c1c8ac3efb550509ac5e0314bb,runs_length,merge_only,29,29,"[1, 1, 1, 1, 1, 1, 1, 1, 1, 1, 1, 1, 1, 1, 1, 1, 1, 1, 1, 1, 1, 1, 1, 1, 1, 1, 1, 1, 1]","[[[[[1, 1], [1, 1]], [[1, 1], [1, 1]]], [[[1, 1], [1, 1]], [[1, 1], 1]]], [[[[1, 1], [1, 1]], [[1, 1], 1]], [[[1, 1], [1, 1]], [[1, 1], 1]]]]",95,28,67,170,142,False,,measured and independently checked,205375,205125,208292,"[205125, 205375, 208292]"
smoke,smoke-810001-29-reverse,reverse,810001,cb865c0e4940862d1667a1a23f0fd701c597c5c1c8ac3efb550509ac5e0314bb,runs_length,staged_direct,29,29,"[1, 1, 1, 1, 1, 1, 1, 1, 1, 1, 1, 1, 1, 1, 1, 1, 1, 1, 1, 1, 1, 1, 1, 1, 1, 1, 1, 1, 1]","[[[[[1, 1], [1, 1]], [[1, 1], [1, 1]]], [[[1, 1], [1, 1]], [[1, 1], 1]]], [[[[1, 1], [1, 1]], [[1, 1], 1]], [[[1, 1], [1, 1]], [[1, 1], 1]]]]",95,28,67,170,142,False,,measured and independently checked,135875,135041,139209,"[135875, 139209, 135041]"
smoke,smoke-810001-29-duplicates,duplicates,810001,c454ab44d215d572c6897b51e5b9ac6d94cad6b6f589bffceeccc79f0d9010ce,merge,reference,29,11,"[1, 1, 2, 3, 1, 3, 2, 4, 3, 6, 3]",merge,96,0,96,145,,True,145,measured and independently checked,176666,174583,177959,"[176666, 174583, 177959]"
smoke,smoke-810001-29-duplicates,duplicates,810001,c454ab44d215d572c6897b51e5b9ac6d94cad6b6f589bffceeccc79f0d9010ce,merge,counted,29,11,"[1, 1, 2, 3, 1, 3, 2, 4, 3, 6, 3]",merge,96,0,96,145,,True,145,measured and independently checked,85750,83375,89375,"[83375, 85750, 89375]"
smoke,smoke-810001-29-duplicates,duplicates,810001,c454ab44d215d572c6897b51e5b9ac6d94cad6b6f589bffceeccc79f0d9010ce,merge,plain,29,11,"[1, 1, 2, 3, 1, 3, 2, 4, 3, 6, 3]",merge,96,0,96,145,,True,145,proved symbolic instrumentation (not maintained),27125,27125,32292,"[27125, 27125, 32292]"
smoke,smoke-810001-29-duplicates,duplicates,810001,c454ab44d215d572c6897b51e5b9ac6d94cad6b6f589bffceeccc79f0d9010ce,hybrid_8,reference,29,11,"[1, 1, 2, 3, 1, 3, 2, 4, 3, 6, 3]",hybrid_8,103,0,103,149,,True,149,measured and independently checked,189750,187292,191167,"[187292, 189750, 191167]"
smoke,smoke-810001-29-duplicates,duplicates,810001,c454ab44d215d572c6897b51e5b9ac6d94cad6b6f589bffceeccc79f0d9010ce,hybrid_8,counted,29,11,"[1, 1, 2, 3, 1, 3, 2, 4, 3, 6, 3]",hybrid_8,103,0,103,149,,True,149,measured and independently checked,69209,68708,74709,"[69209, 68708, 74709]"
smoke,smoke-810001-29-duplicates,duplicates,810001,c454ab44d215d572c6897b51e5b9ac6d94cad6b6f589bffceeccc79f0d9010ce,hybrid_8,plain,29,11,"[1, 1, 2, 3, 1, 3, 2, 4, 3, 6, 3]",hybrid_8,103,0,103,149,,True,149,proved symbolic instrumentation (not maintained),19084,18958,19208,"[19208, 19084, 18958]"
smoke,smoke-810001-29-duplicates,duplicates,810001,c454ab44d215d572c6897b51e5b9ac6d94cad6b6f589bffceeccc79f0d9010ce,fixed_four,reference,29,11,"[1, 1, 2, 3, 1, 3, 2, 4, 3, 6, 3]",fixed_four,106,10,96,170,,False,83,measured and independently checked,184750,182250,205541,"[182250, 184750, 205541]"
smoke,smoke-810001-29-duplicates,duplicates,810001,c454ab44d215d572c6897b51e5b9ac6d94cad6b6f589bffceeccc79f0d9010ce,fixed_four,counted,29,11,"[1, 1, 2, 3, 1, 3, 2, 4, 3, 6, 3]",fixed_four,106,10,96,170,,False,83,measured and independently checked,92667,92458,96125,"[92667, 92458, 96125]"
smoke,smoke-810001-29-duplicates,duplicates,810001,c454ab44d215d572c6897b51e5b9ac6d94cad6b6f589bffceeccc79f0d9010ce,fixed_four,plain,29,11,"[1, 1, 2, 3, 1, 3, 2, 4, 3, 6, 3]",fixed_four,106,10,96,170,,False,83,proved symbolic instrumentation (not maintained),28834,28792,29209,"[28834, 28792, 29209]"
smoke,smoke-810001-29-duplicates,duplicates,810001,c454ab44d215d572c6897b51e5b9ac6d94cad6b6f589bffceeccc79f0d9010ce,runs_count,reference,29,11,"[1, 1, 2, 3, 1, 3, 2, 4, 3, 6, 3]","[[[1, 1], [2, [3, 1]]], [[3, [2, 4]], [3, [6, 3]]]]",103,28,75,144,106,False,,measured and independently checked,235833,231917,241709,"[241709, 235833, 231917]"
smoke,smoke-810001-29-duplicates,duplicates,810001,c454ab44d215d572c6897b51e5b9ac6d94cad6b6f589bffceeccc79f0d9010ce,runs_count,counted,29,11,"[1, 1, 2, 3, 1, 3, 2, 4, 3, 6, 3]","[[[1, 1], [2, [3, 1]]], [[3, [2, 4]], [3, [6, 3]]]]",103,28,75,144,106,False,,measured and independently checked,76125,72000,76208,"[72000, 76208, 76125]"
smoke,smoke-810001-29-duplicates,duplicates,810001,c454ab44d215d572c6897b51e5b9ac6d94cad6b6f589bffceeccc79f0d9010ce,runs_count,plain,29,11,"[1, 1, 2, 3, 1, 3, 2, 4, 3, 6, 3]","[[[1, 1], [2, [3, 1]]], [[3, [2, 4]], [3, [6, 3]]]]",103,28,75,144,106,False,,proved symbolic instrumentation (not maintained),22958,22084,23625,"[22084, 22958, 23625]"
smoke,smoke-810001-29-duplicates,duplicates,810001,c454ab44d215d572c6897b51e5b9ac6d94cad6b6f589bffceeccc79f0d9010ce,runs_count,staged_reference,29,11,"[1, 1, 2, 3, 1, 3, 2, 4, 3, 6, 3]","[[[1, 1], [2, [3, 1]]], [[3, [2, 4]], [3, [6, 3]]]]",103,28,75,144,106,False,,measured and independently checked,231958,228541,237000,"[231958, 228541, 237000]"
smoke,smoke-810001-29-duplicates,duplicates,810001,c454ab44d215d572c6897b51e5b9ac6d94cad6b6f589bffceeccc79f0d9010ce,runs_count,scan_only,29,11,"[1, 1, 2, 3, 1, 3, 2, 4, 3, 6, 3]","[[[1, 1], [2, [3, 1]]], [[3, [2, 4]], [3, [6, 3]]]]",103,28,75,144,106,False,,measured and independently checked,163167,155583,164667,"[163167, 164667, 155583]"
smoke,smoke-810001-29-duplicates,duplicates,810001,c454ab44d215d572c6897b51e5b9ac6d94cad6b6f589bffceeccc79f0d9010ce,runs_count,merge_only,29,11,"[1, 1, 2, 3, 1, 3, 2, 4, 3, 6, 3]","[[[1, 1], [2, [3, 1]]], [[3, [2, 4]], [3, [6, 3]]]]",103,28,75,144,106,False,,measured and independently checked,136042,130709,142208,"[136042, 142208, 130709]"
smoke,smoke-810001-29-duplicates,duplicates,810001,c454ab44d215d572c6897b51e5b9ac6d94cad6b6f589bffceeccc79f0d9010ce,runs_count,staged_direct,29,11,"[1, 1, 2, 3, 1, 3, 2, 4, 3, 6, 3]","[[[1, 1], [2, [3, 1]]], [[3, [2, 4]], [3, [6, 3]]]]",103,28,75,144,106,False,,measured and independently checked,75375,75167,76291,"[75375, 76291, 75167]"
smoke,smoke-810001-29-duplicates,duplicates,810001,c454ab44d215d572c6897b51e5b9ac6d94cad6b6f589bffceeccc79f0d9010ce,runs_length,reference,29,11,"[1, 1, 2, 3, 1, 3, 2, 4, 3, 6, 3]","[[[[[1, 1], 2], 3], [[1, 3], 2]], [[4, 3], [6, 3]]]",101,28,73,125,97,False,,measured and independently checked,248500,242917,250916,"[248500, 242917, 250916]"
smoke,smoke-810001-29-duplicates,duplicates,810001,c454ab44d215d572c6897b51e5b9ac6d94cad6b6f589bffceeccc79f0d9010ce,runs_length,counted,29,11,"[1, 1, 2, 3, 1, 3, 2, 4, 3, 6, 3]","[[[[[1, 1], 2], 3], [[1, 3], 2]], [[4, 3], [6, 3]]]",101,28,73,125,97,False,,measured and independently checked,89417,81875,91875,"[81875, 91875, 89417]"
smoke,smoke-810001-29-duplicates,duplicates,810001,c454ab44d215d572c6897b51e5b9ac6d94cad6b6f589bffceeccc79f0d9010ce,runs_length,plain,29,11,"[1, 1, 2, 3, 1, 3, 2, 4, 3, 6, 3]","[[[[[1, 1], 2], 3], [[1, 3], 2]], [[4, 3], [6, 3]]]",101,28,73,125,97,False,,proved symbolic instrumentation (not maintained),38208,37667,41125,"[38208, 41125, 37667]"
smoke,smoke-810001-29-duplicates,duplicates,810001,c454ab44d215d572c6897b51e5b9ac6d94cad6b6f589bffceeccc79f0d9010ce,runs_length,staged_reference,29,11,"[1, 1, 2, 3, 1, 3, 2, 4, 3, 6, 3]","[[[[[1, 1], 2], 3], [[1, 3], 2]], [[4, 3], [6, 3]]]",101,28,73,125,97,False,,measured and independently checked,239625,238291,250666,"[239625, 238291, 250666]"
smoke,smoke-810001-29-duplicates,duplicates,810001,c454ab44d215d572c6897b51e5b9ac6d94cad6b6f589bffceeccc79f0d9010ce,runs_length,scan_only,29,11,"[1, 1, 2, 3, 1, 3, 2, 4, 3, 6, 3]","[[[[[1, 1], 2], 3], [[1, 3], 2]], [[4, 3], [6, 3]]]",101,28,73,125,97,False,,measured and independently checked,172666,172125,177250,"[177250, 172666, 172125]"
smoke,smoke-810001-29-duplicates,duplicates,810001,c454ab44d215d572c6897b51e5b9ac6d94cad6b6f589bffceeccc79f0d9010ce,runs_length,merge_only,29,11,"[1, 1, 2, 3, 1, 3, 2, 4, 3, 6, 3]","[[[[[1, 1], 2], 3], [[1, 3], 2]], [[4, 3], [6, 3]]]",101,28,73,125,97,False,,measured and independently checked,166584,156958,166667,"[166667, 156958, 166584]"
smoke,smoke-810001-29-duplicates,duplicates,810001,c454ab44d215d572c6897b51e5b9ac6d94cad6b6f589bffceeccc79f0d9010ce,runs_length,staged_direct,29,11,"[1, 1, 2, 3, 1, 3, 2, 4, 3, 6, 3]","[[[[[1, 1], 2], 3], [[1, 3], 2]], [[4, 3], [6, 3]]]",101,28,73,125,97,False,,measured and independently checked,91625,89208,98417,"[98417, 91625, 89208]"
smoke,smoke-810001-29-unequal_runs,unequal_runs,810001,76d283ee298fec53c7732879a488c4aac7f46b673c67f2313a4287eb471ae6a6,merge,reference,29,3,"[11, 10, 8]",merge,95,0,95,145,,True,145,measured and independently checked,191666,190083,210458,"[210458, 191666, 190083]"
smoke,smoke-810001-29-unequal_runs,unequal_runs,810001,76d283ee298fec53c7732879a488c4aac7f46b673c67f2313a4287eb471ae6a6,merge,counted,29,3,"[11, 10, 8]",merge,95,0,95,145,,True,145,measured and independently checked,85541,80417,85958,"[85958, 80417, 85541]"
smoke,smoke-810001-29-unequal_runs,unequal_runs,810001,76d283ee298fec53c7732879a488c4aac7f46b673c67f2313a4287eb471ae6a6,merge,plain,29,3,"[11, 10, 8]",merge,95,0,95,145,,True,145,proved symbolic instrumentation (not maintained),26667,26417,26958,"[26958, 26417, 26667]"
smoke,smoke-810001-29-unequal_runs,unequal_runs,810001,76d283ee298fec53c7732879a488c4aac7f46b673c67f2313a4287eb471ae6a6,hybrid_8,reference,29,3,"[11, 10, 8]",hybrid_8,88,0,88,149,,True,149,measured and independently checked,176791,175833,179709,"[176791, 175833, 179709]"
smoke,smoke-810001-29-unequal_runs,unequal_runs,810001,76d283ee298fec53c7732879a488c4aac7f46b673c67f2313a4287eb471ae6a6,hybrid_8,counted,29,3,"[11, 10, 8]",hybrid_8,88,0,88,149,,True,149,measured and independently checked,61625,61583,61833,"[61583, 61833, 61625]"
smoke,smoke-810001-29-unequal_runs,unequal_runs,810001,76d283ee298fec53c7732879a488c4aac7f46b673c67f2313a4287eb471ae6a6,hybrid_8,plain,29,3,"[11, 10, 8]",hybrid_8,88,0,88,149,,True,149,proved symbolic instrumentation (not maintained),17125,17041,17542,"[17542, 17125, 17041]"
smoke,smoke-810001-29-unequal_runs,unequal_runs,810001,76d283ee298fec53c7732879a488c4aac7f46b673c67f2313a4287eb471ae6a6,fixed_four,reference,29,3,"[11, 10, 8]",fixed_four,88,23,65,170,,False,83,measured and independently checked,167458,161375,167708,"[167458, 161375, 167708]"
smoke,smoke-810001-29-unequal_runs,unequal_runs,810001,76d283ee298fec53c7732879a488c4aac7f46b673c67f2313a4287eb471ae6a6,fixed_four,counted,29,3,"[11, 10, 8]",fixed_four,88,23,65,170,,False,83,measured and independently checked,65000,61834,65458,"[65000, 61834, 65458]"
smoke,smoke-810001-29-unequal_runs,unequal_runs,810001,76d283ee298fec53c7732879a488c4aac7f46b673c67f2313a4287eb471ae6a6,fixed_four,plain,29,3,"[11, 10, 8]",fixed_four,88,23,65,170,,False,83,proved symbolic instrumentation (not maintained),18125,18083,18250,"[18083, 18250, 18125]"
smoke,smoke-810001-29-unequal_runs,unequal_runs,810001,76d283ee298fec53c7732879a488c4aac7f46b673c67f2313a4287eb471ae6a6,runs_count,reference,29,3,"[11, 10, 8]","[11, [10, 8]]",73,28,45,86,47,False,,measured and independently checked,213333,199833,216125,"[199833, 216125, 213333]"
smoke,smoke-810001-29-unequal_runs,unequal_runs,810001,76d283ee298fec53c7732879a488c4aac7f46b673c67f2313a4287eb471ae6a6,runs_count,counted,29,3,"[11, 10, 8]","[11, [10, 8]]",73,28,45,86,47,False,,measured and independently checked,52250,51875,52333,"[51875, 52250, 52333]"
smoke,smoke-810001-29-unequal_runs,unequal_runs,810001,76d283ee298fec53c7732879a488c4aac7f46b673c67f2313a4287eb471ae6a6,runs_count,plain,29,3,"[11, 10, 8]","[11, [10, 8]]",73,28,45,86,47,False,,proved symbolic instrumentation (not maintained),15167,15167,15292,"[15292, 15167, 15167]"
smoke,smoke-810001-29-unequal_runs,unequal_runs,810001,76d283ee298fec53c7732879a488c4aac7f46b673c67f2313a4287eb471ae6a6,runs_count,staged_reference,29,3,"[11, 10, 8]","[11, [10, 8]]",73,28,45,86,47,False,,measured and independently checked,208625,202042,215500,"[215500, 202042, 208625]"
smoke,smoke-810001-29-unequal_runs,unequal_runs,810001,76d283ee298fec53c7732879a488c4aac7f46b673c67f2313a4287eb471ae6a6,runs_count,scan_only,29,3,"[11, 10, 8]","[11, [10, 8]]",73,28,45,86,47,False,,measured and independently checked,140625,140042,148875,"[148875, 140042, 140625]"
smoke,smoke-810001-29-unequal_runs,unequal_runs,810001,76d283ee298fec53c7732879a488c4aac7f46b673c67f2313a4287eb471ae6a6,runs_count,merge_only,29,3,"[11, 10, 8]","[11, [10, 8]]",73,28,45,86,47,False,,measured and independently checked,120292,115834,137333,"[115834, 120292, 137333]"
smoke,smoke-810001-29-unequal_runs,unequal_runs,810001,76d283ee298fec53c7732879a488c4aac7f46b673c67f2313a4287eb471ae6a6,runs_count,staged_direct,29,3,"[11, 10, 8]","[11, [10, 8]]",73,28,45,86,47,False,,measured and independently checked,52541,51583,53834,"[51583, 52541, 53834]"
smoke,smoke-810001-29-unequal_runs,unequal_runs,810001,76d283ee298fec53c7732879a488c4aac7f46b673c67f2313a4287eb471ae6a6,runs_length,reference,29,3,"[11, 10, 8]","[11, [10, 8]]",73,28,45,75,47,False,,measured and independently checked,219250,210084,220667,"[219250, 210084, 220667]"
smoke,smoke-810001-29-unequal_runs,unequal_runs,810001,76d283ee298fec53c7732879a488c4aac7f46b673c67f2313a4287eb471ae6a6,runs_length,counted,29,3,"[11, 10, 8]","[11, [10, 8]]",73,28,45,75,47,False,,measured and independently checked,54459,51084,54750,"[51084, 54750, 54459]"
smoke,smoke-810001-29-unequal_runs,unequal_runs,810001,76d283ee298fec53c7732879a488c4aac7f46b673c67f2313a4287eb471ae6a6,runs_length,plain,29,3,"[11, 10, 8]","[11, [10, 8]]",73,28,45,75,47,False,,proved symbolic instrumentation (not maintained),17417,15833,17667,"[15833, 17667, 17417]"
smoke,smoke-810001-29-unequal_runs,unequal_runs,810001,76d283ee298fec53c7732879a488c4aac7f46b673c67f2313a4287eb471ae6a6,runs_length,staged_reference,29,3,"[11, 10, 8]","[11, [10, 8]]",73,28,45,75,47,False,,measured and independently checked,208584,204917,209708,"[208584, 209708, 204917]"
smoke,smoke-810001-29-unequal_runs,unequal_runs,810001,76d283ee298fec53c7732879a488c4aac7f46b673c67f2313a4287eb471ae6a6,runs_length,scan_only,29,3,"[11, 10, 8]","[11, [10, 8]]",73,28,45,75,47,False,,measured and independently checked,142583,141209,142750,"[142750, 141209, 142583]"
smoke,smoke-810001-29-unequal_runs,unequal_runs,810001,76d283ee298fec53c7732879a488c4aac7f46b673c67f2313a4287eb471ae6a6,runs_length,merge_only,29,3,"[11, 10, 8]","[11, [10, 8]]",73,28,45,75,47,False,,measured and independently checked,122625,115000,122708,"[115000, 122708, 122625]"
smoke,smoke-810001-29-unequal_runs,unequal_runs,810001,76d283ee298fec53c7732879a488c4aac7f46b673c67f2313a4287eb471ae6a6,runs_length,staged_direct,29,3,"[11, 10, 8]","[11, [10, 8]]",73,28,45,75,47,False,,measured and independently checked,54334,53583,55292,"[53583, 55292, 54334]"
smoke,smoke-810001-29-random_boundaries,random_boundaries,810001,69d5847f2859e617c5fff0a2589fca0d8fbf3a29cd742f7b852d985363af229b,merge,reference,29,4,"[7, 3, 13, 6]",merge,97,0,97,145,,True,145,measured and independently checked,204583,200708,204917,"[204583, 204917, 200708]"
smoke,smoke-810001-29-random_boundaries,random_boundaries,810001,69d5847f2859e617c5fff0a2589fca0d8fbf3a29cd742f7b852d985363af229b,merge,counted,29,4,"[7, 3, 13, 6]",merge,97,0,97,145,,True,145,measured and independently checked,88042,87750,88917,"[88042, 88917, 87750]"
smoke,smoke-810001-29-random_boundaries,random_boundaries,810001,69d5847f2859e617c5fff0a2589fca0d8fbf3a29cd742f7b852d985363af229b,merge,plain,29,4,"[7, 3, 13, 6]",merge,97,0,97,145,,True,145,proved symbolic instrumentation (not maintained),27000,25166,27375,"[25166, 27000, 27375]"
smoke,smoke-810001-29-random_boundaries,random_boundaries,810001,69d5847f2859e617c5fff0a2589fca0d8fbf3a29cd742f7b852d985363af229b,hybrid_8,reference,29,4,"[7, 3, 13, 6]",hybrid_8,97,0,97,149,,True,149,measured and independently checked,192375,190167,193667,"[190167, 193667, 192375]"
smoke,smoke-810001-29-random_boundaries,random_boundaries,810001,69d5847f2859e617c5fff0a2589fca0d8fbf3a29cd742f7b852d985363af229b,hybrid_8,counted,29,4,"[7, 3, 13, 6]",hybrid_8,97,0,97,149,,True,149,measured and independently checked,67250,67083,67334,"[67334, 67250, 67083]"
smoke,smoke-810001-29-random_boundaries,random_boundaries,810001,69d5847f2859e617c5fff0a2589fca0d8fbf3a29cd742f7b852d985363af229b,hybrid_8,plain,29,4,"[7, 3, 13, 6]",hybrid_8,97,0,97,149,,True,149,proved symbolic instrumentation (not maintained),18292,18250,18500,"[18500, 18292, 18250]"
smoke,smoke-810001-29-random_boundaries,random_boundaries,810001,69d5847f2859e617c5fff0a2589fca0d8fbf3a29cd742f7b852d985363af229b,fixed_four,reference,29,4,"[7, 3, 13, 6]",fixed_four,96,17,79,170,,False,83,measured and independently checked,192125,188167,195416,"[188167, 195416, 192125]"
smoke,smoke-810001-29-random_boundaries,random_boundaries,810001,69d5847f2859e617c5fff0a2589fca0d8fbf3a29cd742f7b852d985363af229b,fixed_four,counted,29,4,"[7, 3, 13, 6]",fixed_four,96,17,79,170,,False,83,measured and independently checked,76084,71209,77542,"[71209, 77542, 76084]"
smoke,smoke-810001-29-random_boundaries,random_boundaries,810001,69d5847f2859e617c5fff0a2589fca0d8fbf3a29cd742f7b852d985363af229b,fixed_four,plain,29,4,"[7, 3, 13, 6]",fixed_four,96,17,79,170,,False,83,proved symbolic instrumentation (not maintained),22375,22333,22542,"[22542, 22333, 22375]"
smoke,smoke-810001-29-random_boundaries,random_boundaries,810001,69d5847f2859e617c5fff0a2589fca0d8fbf3a29cd742f7b852d985363af229b,runs_count,reference,29,4,"[7, 3, 13, 6]","[[7, 3], [13, 6]]",83,28,55,86,58,False,,measured and independently checked,235625,235000,240250,"[240250, 235000, 235625]"
smoke,smoke-810001-29-random_boundaries,random_boundaries,810001,69d5847f2859e617c5fff0a2589fca0d8fbf3a29cd742f7b852d985363af229b,runs_count,counted,29,4,"[7, 3, 13, 6]","[[7, 3], [13, 6]]",83,28,55,86,58,False,,measured and independently checked,59791,59209,60125,"[59791, 59209, 60125]"
smoke,smoke-810001-29-random_boundaries,random_boundaries,810001,69d5847f2859e617c5fff0a2589fca0d8fbf3a29cd742f7b852d985363af229b,runs_count,plain,29,4,"[7, 3, 13, 6]","[[7, 3], [13, 6]]",83,28,55,86,58,False,,proved symbolic instrumentation (not maintained),16916,16916,16958,"[16916, 16916, 16958]"
smoke,smoke-810001-29-random_boundaries,random_boundaries,810001,69d5847f2859e617c5fff0a2589fca0d8fbf3a29cd742f7b852d985363af229b,runs_count,staged_reference,29,4,"[7, 3, 13, 6]","[[7, 3], [13, 6]]",83,28,55,86,58,False,,measured and independently checked,227583,226167,228625,"[227583, 226167, 228625]"
smoke,smoke-810001-29-random_boundaries,random_boundaries,810001,69d5847f2859e617c5fff0a2589fca0d8fbf3a29cd742f7b852d985363af229b,runs_count,scan_only,29,4,"[7, 3, 13, 6]","[[7, 3], [13, 6]]",83,28,55,86,58,False,,measured and independently checked,162459,159917,164959,"[162459, 164959, 159917]"
smoke,smoke-810001-29-random_boundaries,random_boundaries,810001,69d5847f2859e617c5fff0a2589fca0d8fbf3a29cd742f7b852d985363af229b,runs_count,merge_only,29,4,"[7, 3, 13, 6]","[[7, 3], [13, 6]]",83,28,55,86,58,False,,measured and independently checked,142667,129333,147708,"[142667, 147708, 129333]"
smoke,smoke-810001-29-random_boundaries,random_boundaries,810001,69d5847f2859e617c5fff0a2589fca0d8fbf3a29cd742f7b852d985363af229b,runs_count,staged_direct,29,4,"[7, 3, 13, 6]","[[7, 3], [13, 6]]",83,28,55,86,58,False,,measured and independently checked,61875,55625,62041,"[62041, 55625, 61875]"
smoke,smoke-810001-29-random_boundaries,random_boundaries,810001,69d5847f2859e617c5fff0a2589fca0d8fbf3a29cd742f7b852d985363af229b,runs_length,reference,29,4,"[7, 3, 13, 6]","[[7, 3], [13, 6]]",83,28,55,86,58,False,,measured and independently checked,241000,238209,249625,"[238209, 241000, 249625]"
smoke,smoke-810001-29-random_boundaries,random_boundaries,810001,69d5847f2859e617c5fff0a2589fca0d8fbf3a29cd742f7b852d985363af229b,runs_length,counted,29,4,"[7, 3, 13, 6]","[[7, 3], [13, 6]]",83,28,55,86,58,False,,measured and independently checked,63250,56292,70375,"[56292, 63250, 70375]"
smoke,smoke-810001-29-random_boundaries,random_boundaries,810001,69d5847f2859e617c5fff0a2589fca0d8fbf3a29cd742f7b852d985363af229b,runs_length,plain,29,4,"[7, 3, 13, 6]","[[7, 3], [13, 6]]",83,28,55,86,58,False,,proved symbolic instrumentation (not maintained),20291,20208,20542,"[20208, 20542, 20291]"
smoke,smoke-810001-29-random_boundaries,random_boundaries,810001,69d5847f2859e617c5fff0a2589fca0d8fbf3a29cd742f7b852d985363af229b,runs_length,staged_reference,29,4,"[7, 3, 13, 6]","[[7, 3], [13, 6]]",83,28,55,86,58,False,,measured and independently checked,234500,234167,234500,"[234500, 234167, 234500]"
smoke,smoke-810001-29-random_boundaries,random_boundaries,810001,69d5847f2859e617c5fff0a2589fca0d8fbf3a29cd742f7b852d985363af229b,runs_length,scan_only,29,4,"[7, 3, 13, 6]","[[7, 3], [13, 6]]",83,28,55,86,58,False,,measured and independently checked,164541,163416,165792,"[163416, 165792, 164541]"
smoke,smoke-810001-29-random_boundaries,random_boundaries,810001,69d5847f2859e617c5fff0a2589fca0d8fbf3a29cd742f7b852d985363af229b,runs_length,merge_only,29,4,"[7, 3, 13, 6]","[[7, 3], [13, 6]]",83,28,55,86,58,False,,measured and independently checked,136042,126209,139583,"[126209, 136042, 139583]"
smoke,smoke-810001-29-random_boundaries,random_boundaries,810001,69d5847f2859e617c5fff0a2589fca0d8fbf3a29cd742f7b852d985363af229b,runs_length,staged_direct,29,4,"[7, 3, 13, 6]","[[7, 3], [13, 6]]",83,28,55,86,58,False,,measured and independently checked,63166,62958,65166,"[62958, 65166, 63166]"
smoke,smoke-810001-29-short_runs,short_runs,810001,f76bc14ac6f893066bb5e9814b0aeeddcca5f6cfe6a5dde74ba20672b7b452b9,merge,reference,29,14,"[1, 4, 5, 2, 1, 3, 3, 1, 2, 1, 2, 1, 2, 1]",merge,104,0,104,145,,True,145,measured and independently checked,194708,188584,196833,"[194708, 196833, 188584]"
smoke,smoke-810001-29-short_runs,short_runs,810001,f76bc14ac6f893066bb5e9814b0aeeddcca5f6cfe6a5dde74ba20672b7b452b9,merge,counted,29,14,"[1, 4, 5, 2, 1, 3, 3, 1, 2, 1, 2, 1, 2, 1]",merge,104,0,104,145,,True,145,measured and independently checked,90333,90167,97416,"[90167, 90333, 97416]"
smoke,smoke-810001-29-short_runs,short_runs,810001,f76bc14ac6f893066bb5e9814b0aeeddcca5f6cfe6a5dde74ba20672b7b452b9,merge,plain,29,14,"[1, 4, 5, 2, 1, 3, 3, 1, 2, 1, 2, 1, 2, 1]",merge,104,0,104,145,,True,145,proved symbolic instrumentation (not maintained),28125,28000,28209,"[28209, 28000, 28125]"
smoke,smoke-810001-29-short_runs,short_runs,810001,f76bc14ac6f893066bb5e9814b0aeeddcca5f6cfe6a5dde74ba20672b7b452b9,hybrid_8,reference,29,14,"[1, 4, 5, 2, 1, 3, 3, 1, 2, 1, 2, 1, 2, 1]",hybrid_8,114,0,114,149,,True,149,measured and independently checked,198875,195167,201292,"[201292, 198875, 195167]"
smoke,smoke-810001-29-short_runs,short_runs,810001,f76bc14ac6f893066bb5e9814b0aeeddcca5f6cfe6a5dde74ba20672b7b452b9,hybrid_8,counted,29,14,"[1, 4, 5, 2, 1, 3, 3, 1, 2, 1, 2, 1, 2, 1]",hybrid_8,114,0,114,149,,True,149,measured and independently checked,76000,75917,79209,"[75917, 76000, 79209]"
smoke,smoke-810001-29-short_runs,short_runs,810001,f76bc14ac6f893066bb5e9814b0aeeddcca5f6cfe6a5dde74ba20672b7b452b9,hybrid_8,plain,29,14,"[1, 4, 5, 2, 1, 3, 3, 1, 2, 1, 2, 1, 2, 1]",hybrid_8,114,0,114,149,,True,149,proved symbolic instrumentation (not maintained),20166,20083,20291,"[20083, 20166, 20291]"
smoke,smoke-810001-29-short_runs,short_runs,810001,f76bc14ac6f893066bb5e9814b0aeeddcca5f6cfe6a5dde74ba20672b7b452b9,fixed_four,reference,29,14,"[1, 4, 5, 2, 1, 3, 3, 1, 2, 1, 2, 1, 2, 1]",fixed_four,111,7,104,170,,False,83,measured and independently checked,196167,195959,196292,"[196167, 195959, 196292]"
smoke,smoke-810001-29-short_runs,short_runs,810001,f76bc14ac6f893066bb5e9814b0aeeddcca5f6cfe6a5dde74ba20672b7b452b9,fixed_four,counted,29,14,"[1, 4, 5, 2, 1, 3, 3, 1, 2, 1, 2, 1, 2, 1]",fixed_four,111,7,104,170,,False,83,measured and independently checked,95958,95791,99333,"[99333, 95791, 95958]"
smoke,smoke-810001-29-short_runs,short_runs,810001,f76bc14ac6f893066bb5e9814b0aeeddcca5f6cfe6a5dde74ba20672b7b452b9,fixed_four,plain,29,14,"[1, 4, 5, 2, 1, 3, 3, 1, 2, 1, 2, 1, 2, 1]",fixed_four,111,7,104,170,,False,83,proved symbolic instrumentation (not maintained),29791,29625,30125,"[30125, 29791, 29625]"
smoke,smoke-810001-29-short_runs,short_runs,810001,f76bc14ac6f893066bb5e9814b0aeeddcca5f6cfe6a5dde74ba20672b7b452b9,runs_count,reference,29,14,"[1, 4, 5, 2, 1, 3, 3, 1, 2, 1, 2, 1, 2, 1]","[[[1, [4, 5]], [[2, 1], [3, 3]]], [[1, [2, 1]], [[2, 1], [2, 1]]]]",117,28,89,144,114,False,,measured and independently checked,267083,266375,269083,"[269083, 266375, 267083]"
smoke,smoke-810001-29-short_runs,short_runs,810001,f76bc14ac6f893066bb5e9814b0aeeddcca5f6cfe6a5dde74ba20672b7b452b9,runs_count,counted,29,14,"[1, 4, 5, 2, 1, 3, 3, 1, 2, 1, 2, 1, 2, 1]","[[[1, [4, 5]], [[2, 1], [3, 3]]], [[1, [2, 1]], [[2, 1], [2, 1]]]]",117,28,89,144,114,False,,measured and independently checked,87666,86917,87875,"[87875, 86917, 87666]"
smoke,smoke-810001-29-short_runs,short_runs,810001,f76bc14ac6f893066bb5e9814b0aeeddcca5f6cfe6a5dde74ba20672b7b452b9,runs_count,plain,29,14,"[1, 4, 5, 2, 1, 3, 3, 1, 2, 1, 2, 1, 2, 1]","[[[1, [4, 5]], [[2, 1], [3, 3]]], [[1, [2, 1]], [[2, 1], [2, 1]]]]",117,28,89,144,114,False,,proved symbolic instrumentation (not maintained),26167,26125,26208,"[26208, 26125, 26167]"
smoke,smoke-810001-29-short_runs,short_runs,810001,f76bc14ac6f893066bb5e9814b0aeeddcca5f6cfe6a5dde74ba20672b7b452b9,runs_count,staged_reference,29,14,"[1, 4, 5, 2, 1, 3, 3, 1, 2, 1, 2, 1, 2, 1]","[[[1, [4, 5]], [[2, 1], [3, 3]]], [[1, [2, 1]], [[2, 1], [2, 1]]]]",117,28,89,144,114,False,,measured and independently checked,266083,263416,266167,"[263416, 266083, 266167]"
smoke,smoke-810001-29-short_runs,short_runs,810001,f76bc14ac6f893066bb5e9814b0aeeddcca5f6cfe6a5dde74ba20672b7b452b9,runs_count,scan_only,29,14,"[1, 4, 5, 2, 1, 3, 3, 1, 2, 1, 2, 1, 2, 1]","[[[1, [4, 5]], [[2, 1], [3, 3]]], [[1, [2, 1]], [[2, 1], [2, 1]]]]",117,28,89,144,114,False,,measured and independently checked,202291,195750,206916,"[206916, 202291, 195750]"
smoke,smoke-810001-29-short_runs,short_runs,810001,f76bc14ac6f893066bb5e9814b0aeeddcca5f6cfe6a5dde74ba20672b7b452b9,runs_count,merge_only,29,14,"[1, 4, 5, 2, 1, 3, 3, 1, 2, 1, 2, 1, 2, 1]","[[[1, [4, 5]], [[2, 1], [3, 3]]], [[1, [2, 1]], [[2, 1], [2, 1]]]]",117,28,89,144,114,False,,measured and independently checked,154167,153791,154667,"[154667, 153791, 154167]"
smoke,smoke-810001-29-short_runs,short_runs,810001,f76bc14ac6f893066bb5e9814b0aeeddcca5f6cfe6a5dde74ba20672b7b452b9,runs_count,staged_direct,29,14,"[1, 4, 5, 2, 1, 3, 3, 1, 2, 1, 2, 1, 2, 1]","[[[1, [4, 5]], [[2, 1], [3, 3]]], [[1, [2, 1]], [[2, 1], [2, 1]]]]",117,28,89,144,114,False,,measured and independently checked,87292,86292,94875,"[94875, 87292, 86292]"
smoke,smoke-810001-29-short_runs,short_runs,810001,f76bc14ac6f893066bb5e9814b0aeeddcca5f6cfe6a5dde74ba20672b7b452b9,runs_length,reference,29,14,"[1, 4, 5, 2, 1, 3, 3, 1, 2, 1, 2, 1, 2, 1]","[[[[1, 4], 5], [[2, 1], 3]], [[[3, 1], [2, 1]], [[2, 1], [2, 1]]]]",113,28,85,136,108,False,,measured and independently checked,277875,277125,280709,"[280709, 277875, 277125]"
smoke,smoke-810001-29-short_runs,short_runs,810001,f76bc14ac6f893066bb5e9814b0aeeddcca5f6cfe6a5dde74ba20672b7b452b9,runs_length,counted,29,14,"[1, 4, 5, 2, 1, 3, 3, 1, 2, 1, 2, 1, 2, 1]","[[[[1, 4], 5], [[2, 1], 3]], [[[3, 1], [2, 1]], [[2, 1], [2, 1]]]]",113,28,85,136,108,False,,measured and independently checked,103708,103250,108292,"[108292, 103708, 103250]"
smoke,smoke-810001-29-short_runs,short_runs,810001,f76bc14ac6f893066bb5e9814b0aeeddcca5f6cfe6a5dde74ba20672b7b452b9,runs_length,plain,29,14,"[1, 4, 5, 2, 1, 3, 3, 1, 2, 1, 2, 1, 2, 1]","[[[[1, 4], 5], [[2, 1], 3]], [[[3, 1], [2, 1]], [[2, 1], [2, 1]]]]",113,28,85,136,108,False,,proved symbolic instrumentation (not maintained),44541,44250,45208,"[45208, 44541, 44250]"
smoke,smoke-810001-29-short_runs,short_runs,810001,f76bc14ac6f893066bb5e9814b0aeeddcca5f6cfe6a5dde74ba20672b7b452b9,runs_length,staged_reference,29,14,"[1, 4, 5, 2, 1, 3, 3, 1, 2, 1, 2, 1, 2, 1]","[[[[1, 4], 5], [[2, 1], 3]], [[[3, 1], [2, 1]], [[2, 1], [2, 1]]]]",113,28,85,136,108,False,,measured and independently checked,272875,268750,275083,"[268750, 272875, 275083]"
smoke,smoke-810001-29-short_runs,short_runs,810001,f76bc14ac6f893066bb5e9814b0aeeddcca5f6cfe6a5dde74ba20672b7b452b9,runs_length,scan_only,29,14,"[1, 4, 5, 2, 1, 3, 3, 1, 2, 1, 2, 1, 2, 1]","[[[[1, 4], 5], [[2, 1], 3]], [[[3, 1], [2, 1]], [[2, 1], [2, 1]]]]",113,28,85,136,108,False,,measured and independently checked,207458,205917,222000,"[207458, 222000, 205917]"
smoke,smoke-810001-29-short_runs,short_runs,810001,f76bc14ac6f893066bb5e9814b0aeeddcca5f6cfe6a5dde74ba20672b7b452b9,runs_length,merge_only,29,14,"[1, 4, 5, 2, 1, 3, 3, 1, 2, 1, 2, 1, 2, 1]","[[[[1, 4], 5], [[2, 1], 3]], [[[3, 1], [2, 1]], [[2, 1], [2, 1]]]]",113,28,85,136,108,False,,measured and independently checked,170875,167584,176042,"[167584, 170875, 176042]"
smoke,smoke-810001-29-short_runs,short_runs,810001,f76bc14ac6f893066bb5e9814b0aeeddcca5f6cfe6a5dde74ba20672b7b452b9,runs_length,staged_direct,29,14,"[1, 4, 5, 2, 1, 3, 3, 1, 2, 1, 2, 1, 2, 1]","[[[[1, 4], 5], [[2, 1], 3]], [[[3, 1], [2, 1]], [[2, 1], [2, 1]]]]",113,28,85,136,108,False,,measured and independently checked,102917,102917,106834,"[102917, 106834, 102917]"
smoke,smoke-810001-29-long_runs,long_runs,810001,498e61099a760afb8edaf03c8d18f2d99c4d7f82e3f5eef5bdce5a0b45c4b2fc,merge,reference,29,3,"[10, 14, 5]",merge,90,0,90,145,,True,145,measured and independently checked,169625,168666,176417,"[169625, 168666, 176417]"
smoke,smoke-810001-29-long_runs,long_runs,810001,498e61099a760afb8edaf03c8d18f2d99c4d7f82e3f5eef5bdce5a0b45c4b2fc,merge,counted,29,3,"[10, 14, 5]",merge,90,0,90,145,,True,145,measured and independently checked,83125,82834,83541,"[83125, 82834, 83541]"
smoke,smoke-810001-29-long_runs,long_runs,810001,498e61099a760afb8edaf03c8d18f2d99c4d7f82e3f5eef5bdce5a0b45c4b2fc,merge,plain,29,3,"[10, 14, 5]",merge,90,0,90,145,,True,145,proved symbolic instrumentation (not maintained),26208,26208,26250,"[26208, 26208, 26250]"
smoke,smoke-810001-29-long_runs,long_runs,810001,498e61099a760afb8edaf03c8d18f2d99c4d7f82e3f5eef5bdce5a0b45c4b2fc,hybrid_8,reference,29,3,"[10, 14, 5]",hybrid_8,94,0,94,149,,True,149,measured and independently checked,171458,169291,174083,"[171458, 174083, 169291]"
smoke,smoke-810001-29-long_runs,long_runs,810001,498e61099a760afb8edaf03c8d18f2d99c4d7f82e3f5eef5bdce5a0b45c4b2fc,hybrid_8,counted,29,3,"[10, 14, 5]",hybrid_8,94,0,94,149,,True,149,measured and independently checked,64333,64125,64666,"[64666, 64125, 64333]"
smoke,smoke-810001-29-long_runs,long_runs,810001,498e61099a760afb8edaf03c8d18f2d99c4d7f82e3f5eef5bdce5a0b45c4b2fc,hybrid_8,plain,29,3,"[10, 14, 5]",hybrid_8,94,0,94,149,,True,149,proved symbolic instrumentation (not maintained),17834,17750,17958,"[17750, 17958, 17834]"
smoke,smoke-810001-29-long_runs,long_runs,810001,498e61099a760afb8edaf03c8d18f2d99c4d7f82e3f5eef5bdce5a0b45c4b2fc,fixed_four,reference,29,3,"[10, 14, 5]",fixed_four,90,18,72,170,,False,83,measured and independently checked,159083,158667,172041,"[172041, 159083, 158667]"
smoke,smoke-810001-29-long_runs,long_runs,810001,498e61099a760afb8edaf03c8d18f2d99c4d7f82e3f5eef5bdce5a0b45c4b2fc,fixed_four,counted,29,3,"[10, 14, 5]",fixed_four,90,18,72,170,,False,83,measured and independently checked,71916,71666,74875,"[71916, 74875, 71666]"
smoke,smoke-810001-29-long_runs,long_runs,810001,498e61099a760afb8edaf03c8d18f2d99c4d7f82e3f5eef5bdce5a0b45c4b2fc,fixed_four,plain,29,3,"[10, 14, 5]",fixed_four,90,18,72,170,,False,83,proved symbolic instrumentation (not maintained),21459,21458,21541,"[21459, 21541, 21458]"
smoke,smoke-810001-29-long_runs,long_runs,810001,498e61099a760afb8edaf03c8d18f2d99c4d7f82e3f5eef5bdce5a0b45c4b2fc,runs_count,reference,29,3,"[10, 14, 5]","[10, [14, 5]]",70,28,42,86,48,False,,measured and independently checked,200125,198542,214958,"[214958, 198542, 200125]"
smoke,smoke-810001-29-long_runs,long_runs,810001,498e61099a760afb8edaf03c8d18f2d99c4d7f82e3f5eef5bdce5a0b45c4b2fc,runs_count,counted,29,3,"[10, 14, 5]","[10, [14, 5]]",70,28,42,86,48,False,,measured and independently checked,50292,50250,57958,"[57958, 50250, 50292]"
smoke,smoke-810001-29-long_runs,long_runs,810001,498e61099a760afb8edaf03c8d18f2d99c4d7f82e3f5eef5bdce5a0b45c4b2fc,runs_count,plain,29,3,"[10, 14, 5]","[10, [14, 5]]",70,28,42,86,48,False,,proved symbolic instrumentation (not maintained),14916,14833,16625,"[16625, 14833, 14916]"
smoke,smoke-810001-29-long_runs,long_runs,810001,498e61099a760afb8edaf03c8d18f2d99c4d7f82e3f5eef5bdce5a0b45c4b2fc,runs_count,staged_reference,29,3,"[10, 14, 5]","[10, [14, 5]]",70,28,42,86,48,False,,measured and independently checked,197125,196083,197875,"[197125, 196083, 197875]"
smoke,smoke-810001-29-long_runs,long_runs,810001,498e61099a760afb8edaf03c8d18f2d99c4d7f82e3f5eef5bdce5a0b45c4b2fc,runs_count,scan_only,29,3,"[10, 14, 5]","[10, [14, 5]]",70,28,42,86,48,False,,measured and independently checked,128208,124875,130125,"[130125, 124875, 128208]"
smoke,smoke-810001-29-long_runs,long_runs,810001,498e61099a760afb8edaf03c8d18f2d99c4d7f82e3f5eef5bdce5a0b45c4b2fc,runs_count,merge_only,29,3,"[10, 14, 5]","[10, [14, 5]]",70,28,42,86,48,False,,measured and independently checked,119500,118583,128958,"[119500, 118583, 128958]"
smoke,smoke-810001-29-long_runs,long_runs,810001,498e61099a760afb8edaf03c8d18f2d99c4d7f82e3f5eef5bdce5a0b45c4b2fc,runs_count,staged_direct,29,3,"[10, 14, 5]","[10, [14, 5]]",70,28,42,86,48,False,,measured and independently checked,50209,49625,50416,"[49625, 50209, 50416]"
smoke,smoke-810001-29-long_runs,long_runs,810001,498e61099a760afb8edaf03c8d18f2d99c4d7f82e3f5eef5bdce5a0b45c4b2fc,runs_length,reference,29,3,"[10, 14, 5]","[10, [14, 5]]",70,28,42,76,48,False,,measured and independently checked,201625,200958,202875,"[201625, 200958, 202875]"
smoke,smoke-810001-29-long_runs,long_runs,810001,498e61099a760afb8edaf03c8d18f2d99c4d7f82e3f5eef5bdce5a0b45c4b2fc,runs_length,counted,29,3,"[10, 14, 5]","[10, [14, 5]]",70,28,42,76,48,False,,measured and independently checked,53250,52167,55792,"[52167, 55792, 53250]"
smoke,smoke-810001-29-long_runs,long_runs,810001,498e61099a760afb8edaf03c8d18f2d99c4d7f82e3f5eef5bdce5a0b45c4b2fc,runs_length,plain,29,3,"[10, 14, 5]","[10, [14, 5]]",70,28,42,76,48,False,,proved symbolic instrumentation (not maintained),17375,17000,17417,"[17375, 17417, 17000]"
smoke,smoke-810001-29-long_runs,long_runs,810001,498e61099a760afb8edaf03c8d18f2d99c4d7f82e3f5eef5bdce5a0b45c4b2fc,runs_length,staged_reference,29,3,"[10, 14, 5]","[10, [14, 5]]",70,28,42,76,48,False,,measured and independently checked,195375,194792,196833,"[196833, 194792, 195375]"
smoke,smoke-810001-29-long_runs,long_runs,810001,498e61099a760afb8edaf03c8d18f2d99c4d7f82e3f5eef5bdce5a0b45c4b2fc,runs_length,scan_only,29,3,"[10, 14, 5]","[10, [14, 5]]",70,28,42,76,48,False,,measured and independently checked,127291,127250,128792,"[128792, 127291, 127250]"
smoke,smoke-810001-29-long_runs,long_runs,810001,498e61099a760afb8edaf03c8d18f2d99c4d7f82e3f5eef5bdce5a0b45c4b2fc,runs_length,merge_only,29,3,"[10, 14, 5]","[10, [14, 5]]",70,28,42,76,48,False,,measured and independently checked,121958,121792,121959,"[121958, 121792, 121959]"
smoke,smoke-810001-29-long_runs,long_runs,810001,498e61099a760afb8edaf03c8d18f2d99c4d7f82e3f5eef5bdce5a0b45c4b2fc,runs_length,staged_direct,29,3,"[10, 14, 5]","[10, [14, 5]]",70,28,42,76,48,False,,measured and independently checked,52583,52500,54208,"[52583, 54208, 52500]"
smoke,smoke-810001-29-perturbed,perturbed,810001,b5c06f21b5158a8eae687582ddb5c5e92bce3904f9439ee4cce5e1f2a218b1c6,merge,reference,29,3,"[16, 2, 11]",merge,69,0,69,145,,True,145,measured and independently checked,108084,107625,108709,"[108709, 107625, 108084]"
smoke,smoke-810001-29-perturbed,perturbed,810001,b5c06f21b5158a8eae687582ddb5c5e92bce3904f9439ee4cce5e1f2a218b1c6,merge,counted,29,3,"[16, 2, 11]",merge,69,0,69,145,,True,145,measured and independently checked,69208,67666,69250,"[69250, 69208, 67666]"
smoke,smoke-810001-29-perturbed,perturbed,810001,b5c06f21b5158a8eae687582ddb5c5e92bce3904f9439ee4cce5e1f2a218b1c6,merge,plain,29,3,"[16, 2, 11]",merge,69,0,69,145,,True,145,proved symbolic instrumentation (not maintained),20834,20667,23500,"[23500, 20834, 20667]"
smoke,smoke-810001-29-perturbed,perturbed,810001,b5c06f21b5158a8eae687582ddb5c5e92bce3904f9439ee4cce5e1f2a218b1c6,hybrid_8,reference,29,3,"[16, 2, 11]",hybrid_8,58,0,58,149,,True,149,measured and independently checked,86750,82750,94000,"[86750, 82750, 94000]"
smoke,smoke-810001-29-perturbed,perturbed,810001,b5c06f21b5158a8eae687582ddb5c5e92bce3904f9439ee4cce5e1f2a218b1c6,hybrid_8,counted,29,3,"[16, 2, 11]",hybrid_8,58,0,58,149,,True,149,measured and independently checked,42625,39791,43000,"[39791, 43000, 42625]"
smoke,smoke-810001-29-perturbed,perturbed,810001,b5c06f21b5158a8eae687582ddb5c5e92bce3904f9439ee4cce5e1f2a218b1c6,hybrid_8,plain,29,3,"[16, 2, 11]",hybrid_8,58,0,58,149,,True,149,proved symbolic instrumentation (not maintained),13250,12125,13250,"[12125, 13250, 13250]"
smoke,smoke-810001-29-perturbed,perturbed,810001,b5c06f21b5158a8eae687582ddb5c5e92bce3904f9439ee4cce5e1f2a218b1c6,fixed_four,reference,29,3,"[16, 2, 11]",fixed_four,60,21,39,170,,False,83,measured and independently checked,80666,80625,85125,"[85125, 80625, 80666]"
smoke,smoke-810001-29-perturbed,perturbed,810001,b5c06f21b5158a8eae687582ddb5c5e92bce3904f9439ee4cce5e1f2a218b1c6,fixed_four,counted,29,3,"[16, 2, 11]",fixed_four,60,21,39,170,,False,83,measured and independently checked,46375,45667,48667,"[46375, 48667, 45667]"
smoke,smoke-810001-29-perturbed,perturbed,810001,b5c06f21b5158a8eae687582ddb5c5e92bce3904f9439ee4cce5e1f2a218b1c6,fixed_four,plain,29,3,"[16, 2, 11]",fixed_four,60,21,39,170,,False,83,proved symbolic instrumentation (not maintained),14709,14500,14792,"[14709, 14792, 14500]"
smoke,smoke-810001-29-perturbed,perturbed,810001,b5c06f21b5158a8eae687582ddb5c5e92bce3904f9439ee4cce5e1f2a218b1c6,runs_count,reference,29,3,"[16, 2, 11]","[16, [2, 11]]",50,28,22,86,42,False,,measured and independently checked,138458,137667,139167,"[137667, 138458, 139167]"
smoke,smoke-810001-29-perturbed,perturbed,810001,b5c06f21b5158a8eae687582ddb5c5e92bce3904f9439ee4cce5e1f2a218b1c6,runs_count,counted,29,3,"[16, 2, 11]","[16, [2, 11]]",50,28,22,86,42,False,,measured and independently checked,35375,34833,38917,"[38917, 34833, 35375]"
smoke,smoke-810001-29-perturbed,perturbed,810001,b5c06f21b5158a8eae687582ddb5c5e92bce3904f9439ee4cce5e1f2a218b1c6,runs_count,plain,29,3,"[16, 2, 11]","[16, [2, 11]]",50,28,22,86,42,False,,proved symbolic instrumentation (not maintained),12167,10791,12291,"[12291, 10791, 12167]"
smoke,smoke-810001-29-perturbed,perturbed,810001,b5c06f21b5158a8eae687582ddb5c5e92bce3904f9439ee4cce5e1f2a218b1c6,runs_count,staged_reference,29,3,"[16, 2, 11]","[16, [2, 11]]",50,28,22,86,42,False,,measured and independently checked,130166,129000,139000,"[129000, 130166, 139000]"
smoke,smoke-810001-29-perturbed,perturbed,810001,b5c06f21b5158a8eae687582ddb5c5e92bce3904f9439ee4cce5e1f2a218b1c6,runs_count,scan_only,29,3,"[16, 2, 11]","[16, [2, 11]]",50,28,22,86,42,False,,measured and independently checked,66000,59125,66541,"[59125, 66541, 66000]"
smoke,smoke-810001-29-perturbed,perturbed,810001,b5c06f21b5158a8eae687582ddb5c5e92bce3904f9439ee4cce5e1f2a218b1c6,runs_count,merge_only,29,3,"[16, 2, 11]","[16, [2, 11]]",50,28,22,86,42,False,,measured and independently checked,105334,104958,105542,"[105542, 104958, 105334]"
smoke,smoke-810001-29-perturbed,perturbed,810001,b5c06f21b5158a8eae687582ddb5c5e92bce3904f9439ee4cce5e1f2a218b1c6,runs_count,staged_direct,29,3,"[16, 2, 11]","[16, [2, 11]]",50,28,22,86,42,False,,measured and independently checked,38542,37583,49708,"[37583, 38542, 49708]"
smoke,smoke-810001-29-perturbed,perturbed,810001,b5c06f21b5158a8eae687582ddb5c5e92bce3904f9439ee4cce5e1f2a218b1c6,runs_length,reference,29,3,"[16, 2, 11]","[16, [2, 11]]",50,28,22,70,42,False,,measured and independently checked,151125,144084,151667,"[144084, 151125, 151667]"
smoke,smoke-810001-29-perturbed,perturbed,810001,b5c06f21b5158a8eae687582ddb5c5e92bce3904f9439ee4cce5e1f2a218b1c6,runs_length,counted,29,3,"[16, 2, 11]","[16, [2, 11]]",50,28,22,70,42,False,,measured and independently checked,40542,38625,40916,"[40916, 38625, 40542]"
smoke,smoke-810001-29-perturbed,perturbed,810001,b5c06f21b5158a8eae687582ddb5c5e92bce3904f9439ee4cce5e1f2a218b1c6,runs_length,plain,29,3,"[16, 2, 11]","[16, [2, 11]]",50,28,22,70,42,False,,proved symbolic instrumentation (not maintained),14417,13000,14500,"[13000, 14500, 14417]"
smoke,smoke-810001-29-perturbed,perturbed,810001,b5c06f21b5158a8eae687582ddb5c5e92bce3904f9439ee4cce5e1f2a218b1c6,runs_length,staged_reference,29,3,"[16, 2, 11]","[16, [2, 11]]",50,28,22,70,42,False,,measured and independently checked,133875,129209,146958,"[133875, 129209, 146958]"
smoke,smoke-810001-29-perturbed,perturbed,810001,b5c06f21b5158a8eae687582ddb5c5e92bce3904f9439ee4cce5e1f2a218b1c6,runs_length,scan_only,29,3,"[16, 2, 11]","[16, [2, 11]]",50,28,22,70,42,False,,measured and independently checked,68708,64250,69083,"[64250, 69083, 68708]"
smoke,smoke-810001-29-perturbed,perturbed,810001,b5c06f21b5158a8eae687582ddb5c5e92bce3904f9439ee4cce5e1f2a218b1c6,runs_length,merge_only,29,3,"[16, 2, 11]","[16, [2, 11]]",50,28,22,70,42,False,,measured and independently checked,108292,99833,108542,"[99833, 108542, 108292]"
smoke,smoke-810001-29-perturbed,perturbed,810001,b5c06f21b5158a8eae687582ddb5c5e92bce3904f9439ee4cce5e1f2a218b1c6,runs_length,staged_direct,29,3,"[16, 2, 11]","[16, [2, 11]]",50,28,22,70,42,False,,measured and independently checked,40292,40083,41500,"[40292, 41500, 40083]"
smoke,smoke-810001-29-skewed_runs,skewed_runs,810001,e0fb150e20ca778c1a3b01506eb9ee261e979e85c80d4d41abd70b8beb5bc8d5,merge,reference,29,4,"[1, 1, 26, 1]",merge,86,0,86,145,,True,145,measured and independently checked,152333,148792,152375,"[152375, 148792, 152333]"
smoke,smoke-810001-29-skewed_runs,skewed_runs,810001,e0fb150e20ca778c1a3b01506eb9ee261e979e85c80d4d41abd70b8beb5bc8d5,merge,counted,29,4,"[1, 1, 26, 1]",merge,86,0,86,145,,True,145,measured and independently checked,79750,71750,80167,"[71750, 80167, 79750]"
smoke,smoke-810001-29-skewed_runs,skewed_runs,810001,e0fb150e20ca778c1a3b01506eb9ee261e979e85c80d4d41abd70b8beb5bc8d5,merge,plain,29,4,"[1, 1, 26, 1]",merge,86,0,86,145,,True,145,proved symbolic instrumentation (not maintained),25750,25000,25916,"[25000, 25750, 25916]"
smoke,smoke-810001-29-skewed_runs,skewed_runs,810001,e0fb150e20ca778c1a3b01506eb9ee261e979e85c80d4d41abd70b8beb5bc8d5,hybrid_8,reference,29,4,"[1, 1, 26, 1]",hybrid_8,79,0,79,149,,True,149,measured and independently checked,135833,135667,138500,"[135833, 135667, 138500]"
smoke,smoke-810001-29-skewed_runs,skewed_runs,810001,e0fb150e20ca778c1a3b01506eb9ee261e979e85c80d4d41abd70b8beb5bc8d5,hybrid_8,counted,29,4,"[1, 1, 26, 1]",hybrid_8,79,0,79,149,,True,149,measured and independently checked,56542,56083,59334,"[59334, 56542, 56083]"
smoke,smoke-810001-29-skewed_runs,skewed_runs,810001,e0fb150e20ca778c1a3b01506eb9ee261e979e85c80d4d41abd70b8beb5bc8d5,hybrid_8,plain,29,4,"[1, 1, 26, 1]",hybrid_8,79,0,79,149,,True,149,proved symbolic instrumentation (not maintained),16542,16333,16625,"[16625, 16542, 16333]"
smoke,smoke-810001-29-skewed_runs,skewed_runs,810001,e0fb150e20ca778c1a3b01506eb9ee261e979e85c80d4d41abd70b8beb5bc8d5,fixed_four,reference,29,4,"[1, 1, 26, 1]",fixed_four,88,20,68,170,,False,83,measured and independently checked,146584,137750,146750,"[146584, 137750, 146750]"
smoke,smoke-810001-29-skewed_runs,skewed_runs,810001,e0fb150e20ca778c1a3b01506eb9ee261e979e85c80d4d41abd70b8beb5bc8d5,fixed_four,counted,29,4,"[1, 1, 26, 1]",fixed_four,88,20,68,170,,False,83,measured and independently checked,78166,69708,78750,"[78166, 78750, 69708]"
smoke,smoke-810001-29-skewed_runs,skewed_runs,810001,e0fb150e20ca778c1a3b01506eb9ee261e979e85c80d4d41abd70b8beb5bc8d5,fixed_four,plain,29,4,"[1, 1, 26, 1]",fixed_four,88,20,68,170,,False,83,proved symbolic instrumentation (not maintained),21375,19417,21458,"[19417, 21458, 21375]"
smoke,smoke-810001-29-skewed_runs,skewed_runs,810001,e0fb150e20ca778c1a3b01506eb9ee261e979e85c80d4d41abd70b8beb5bc8d5,runs_count,reference,29,4,"[1, 1, 26, 1]","[[1, 1], [26, 1]]",68,28,40,86,58,False,,measured and independently checked,186125,181291,186625,"[181291, 186125, 186625]"
smoke,smoke-810001-29-skewed_runs,skewed_runs,810001,e0fb150e20ca778c1a3b01506eb9ee261e979e85c80d4d41abd70b8beb5bc8d5,runs_count,counted,29,4,"[1, 1, 26, 1]","[[1, 1], [26, 1]]",68,28,40,86,58,False,,measured and independently checked,50666,49958,53000,"[50666, 49958, 53000]"
smoke,smoke-810001-29-skewed_runs,skewed_runs,810001,e0fb150e20ca778c1a3b01506eb9ee261e979e85c80d4d41abd70b8beb5bc8d5,runs_count,plain,29,4,"[1, 1, 26, 1]","[[1, 1], [26, 1]]",68,28,40,86,58,False,,proved symbolic instrumentation (not maintained),14875,14542,17833,"[17833, 14542, 14875]"
smoke,smoke-810001-29-skewed_runs,skewed_runs,810001,e0fb150e20ca778c1a3b01506eb9ee261e979e85c80d4d41abd70b8beb5bc8d5,runs_count,staged_reference,29,4,"[1, 1, 26, 1]","[[1, 1], [26, 1]]",68,28,40,86,58,False,,measured and independently checked,182041,180084,186000,"[186000, 180084, 182041]"
smoke,smoke-810001-29-skewed_runs,skewed_runs,810001,e0fb150e20ca778c1a3b01506eb9ee261e979e85c80d4d41abd70b8beb5bc8d5,runs_count,scan_only,29,4,"[1, 1, 26, 1]","[[1, 1], [26, 1]]",68,28,40,86,58,False,,measured and independently checked,112958,104750,113209,"[104750, 112958, 113209]"
smoke,smoke-810001-29-skewed_runs,skewed_runs,810001,e0fb150e20ca778c1a3b01506eb9ee261e979e85c80d4d41abd70b8beb5bc8d5,runs_count,merge_only,29,4,"[1, 1, 26, 1]","[[1, 1], [26, 1]]",68,28,40,86,58,False,,measured and independently checked,119041,118541,132625,"[132625, 118541, 119041]"
smoke,smoke-810001-29-skewed_runs,skewed_runs,810001,e0fb150e20ca778c1a3b01506eb9ee261e979e85c80d4d41abd70b8beb5bc8d5,runs_count,staged_direct,29,4,"[1, 1, 26, 1]","[[1, 1], [26, 1]]",68,28,40,86,58,False,,measured and independently checked,49541,49250,49750,"[49250, 49750, 49541]"
smoke,smoke-810001-29-skewed_runs,skewed_runs,810001,e0fb150e20ca778c1a3b01506eb9ee261e979e85c80d4d41abd70b8beb5bc8d5,runs_length,reference,29,4,"[1, 1, 26, 1]","[[1, 1], [26, 1]]",68,28,40,86,58,False,,measured and independently checked,190667,184667,194875,"[194875, 184667, 190667]"
smoke,smoke-810001-29-skewed_runs,skewed_runs,810001,e0fb150e20ca778c1a3b01506eb9ee261e979e85c80d4d41abd70b8beb5bc8d5,runs_length,counted,29,4,"[1, 1, 26, 1]","[[1, 1], [26, 1]]",68,28,40,86,58,False,,measured and independently checked,53584,50834,53916,"[50834, 53584, 53916]"
smoke,smoke-810001-29-skewed_runs,skewed_runs,810001,e0fb150e20ca778c1a3b01506eb9ee261e979e85c80d4d41abd70b8beb5bc8d5,runs_length,plain,29,4,"[1, 1, 26, 1]","[[1, 1], [26, 1]]",68,28,40,86,58,False,,proved symbolic instrumentation (not maintained),18250,18167,19083,"[18250, 19083, 18167]"
smoke,smoke-810001-29-skewed_runs,skewed_runs,810001,e0fb150e20ca778c1a3b01506eb9ee261e979e85c80d4d41abd70b8beb5bc8d5,runs_length,staged_reference,29,4,"[1, 1, 26, 1]","[[1, 1], [26, 1]]",68,28,40,86,58,False,,measured and independently checked,199916,185708,203541,"[203541, 185708, 199916]"
smoke,smoke-810001-29-skewed_runs,skewed_runs,810001,e0fb150e20ca778c1a3b01506eb9ee261e979e85c80d4d41abd70b8beb5bc8d5,runs_length,scan_only,29,4,"[1, 1, 26, 1]","[[1, 1], [26, 1]]",68,28,40,86,58,False,,measured and independently checked,116416,112917,116875,"[112917, 116875, 116416]"
smoke,smoke-810001-29-skewed_runs,skewed_runs,810001,e0fb150e20ca778c1a3b01506eb9ee261e979e85c80d4d41abd70b8beb5bc8d5,runs_length,merge_only,29,4,"[1, 1, 26, 1]","[[1, 1], [26, 1]]",68,28,40,86,58,False,,measured and independently checked,122250,119500,122583,"[119500, 122250, 122583]"
smoke,smoke-810001-29-skewed_runs,skewed_runs,810001,e0fb150e20ca778c1a3b01506eb9ee261e979e85c80d4d41abd70b8beb5bc8d5,runs_length,staged_direct,29,4,"[1, 1, 26, 1]","[[1, 1], [26, 1]]",68,28,40,86,58,False,,measured and independently checked,53292,53250,54875,"[53292, 54875, 53250]"
smoke,test-edge-not_aligned,edge_not_aligned,,f98ead99f2e571cfefff96a90dabf1120d67cf2fd3a7af912ac2a431a61fc764,merge,reference,11,4,"[3, 4, 3, 1]",merge,25,0,25,44,,True,44,measured and independently checked,33167,30750,39125,"[30750, 39125, 33167]"
smoke,test-edge-not_aligned,edge_not_aligned,,f98ead99f2e571cfefff96a90dabf1120d67cf2fd3a7af912ac2a431a61fc764,merge,counted,11,4,"[3, 4, 3, 1]",merge,25,0,25,44,,True,44,measured and independently checked,26083,24042,30375,"[24042, 30375, 26083]"
smoke,test-edge-not_aligned,edge_not_aligned,,f98ead99f2e571cfefff96a90dabf1120d67cf2fd3a7af912ac2a431a61fc764,merge,plain,11,4,"[3, 4, 3, 1]",merge,25,0,25,44,,True,44,proved symbolic instrumentation (not maintained),9500,8958,9542,"[8958, 9542, 9500]"
smoke,test-edge-not_aligned,edge_not_aligned,,f98ead99f2e571cfefff96a90dabf1120d67cf2fd3a7af912ac2a431a61fc764,hybrid_8,reference,11,4,"[3, 4, 3, 1]",hybrid_8,26,0,26,36,,True,36,measured and independently checked,30292,28042,30458,"[28042, 30458, 30292]"
smoke,test-edge-not_aligned,edge_not_aligned,,f98ead99f2e571cfefff96a90dabf1120d67cf2fd3a7af912ac2a431a61fc764,hybrid_8,counted,11,4,"[3, 4, 3, 1]",hybrid_8,26,0,26,36,,True,36,measured and independently checked,20416,19167,20833,"[19167, 20416, 20833]"
smoke,test-edge-not_aligned,edge_not_aligned,,f98ead99f2e571cfefff96a90dabf1120d67cf2fd3a7af912ac2a431a61fc764,hybrid_8,plain,11,4,"[3, 4, 3, 1]",hybrid_8,26,0,26,36,,True,36,proved symbolic instrumentation (not maintained),6083,5958,6292,"[6083, 5958, 6292]"
smoke,test-edge-not_aligned,edge_not_aligned,,f98ead99f2e571cfefff96a90dabf1120d67cf2fd3a7af912ac2a431a61fc764,fixed_four,reference,11,4,"[3, 4, 3, 1]",fixed_four,30,6,24,49,,False,29,measured and independently checked,35500,34792,38875,"[38875, 35500, 34792]"
smoke,test-edge-not_aligned,edge_not_aligned,,f98ead99f2e571cfefff96a90dabf1120d67cf2fd3a7af912ac2a431a61fc764,fixed_four,counted,11,4,"[3, 4, 3, 1]",fixed_four,30,6,24,49,,False,29,measured and independently checked,27291,26833,29542,"[27291, 29542, 26833]"
smoke,test-edge-not_aligned,edge_not_aligned,,f98ead99f2e571cfefff96a90dabf1120d67cf2fd3a7af912ac2a431a61fc764,fixed_four,plain,11,4,"[3, 4, 3, 1]",fixed_four,30,6,24,49,,False,29,proved symbolic instrumentation (not maintained),9334,9250,9417,"[9250, 9334, 9417]"
smoke,test-edge-not_aligned,edge_not_aligned,,f98ead99f2e571cfefff96a90dabf1120d67cf2fd3a7af912ac2a431a61fc764,runs_count,reference,11,4,"[3, 4, 3, 1]","[[3, 4], [3, 1]]",25,10,15,32,22,False,,measured and independently checked,36000,33958,37208,"[33958, 36000, 37208]"
smoke,test-edge-not_aligned,edge_not_aligned,,f98ead99f2e571cfefff96a90dabf1120d67cf2fd3a7af912ac2a431a61fc764,runs_count,counted,11,4,"[3, 4, 3, 1]","[[3, 4], [3, 1]]",25,10,15,32,22,False,,measured and independently checked,22042,20291,22416,"[20291, 22042, 22416]"
smoke,test-edge-not_aligned,edge_not_aligned,,f98ead99f2e571cfefff96a90dabf1120d67cf2fd3a7af912ac2a431a61fc764,runs_count,plain,11,4,"[3, 4, 3, 1]","[[3, 4], [3, 1]]",25,10,15,32,22,False,,proved symbolic instrumentation (not maintained),7875,7792,10875,"[10875, 7792, 7875]"
smoke,test-edge-not_aligned,edge_not_aligned,,f98ead99f2e571cfefff96a90dabf1120d67cf2fd3a7af912ac2a431a61fc764,runs_count,staged_reference,11,4,"[3, 4, 3, 1]","[[3, 4], [3, 1]]",25,10,15,32,22,False,,measured and independently checked,36084,34666,38917,"[38917, 34666, 36084]"
smoke,test-edge-not_aligned,edge_not_aligned,,f98ead99f2e571cfefff96a90dabf1120d67cf2fd3a7af912ac2a431a61fc764,runs_count,scan_only,11,4,"[3, 4, 3, 1]","[[3, 4], [3, 1]]",25,10,15,32,22,False,,measured and independently checked,27750,27750,28542,"[27750, 27750, 28542]"
smoke,test-edge-not_aligned,edge_not_aligned,,f98ead99f2e571cfefff96a90dabf1120d67cf2fd3a7af912ac2a431a61fc764,runs_count,merge_only,11,4,"[3, 4, 3, 1]","[[3, 4], [3, 1]]",25,10,15,32,22,False,,measured and independently checked,30208,29916,32125,"[30208, 29916, 32125]"
smoke,test-edge-not_aligned,edge_not_aligned,,f98ead99f2e571cfefff96a90dabf1120d67cf2fd3a7af912ac2a431a61fc764,runs_count,staged_direct,11,4,"[3, 4, 3, 1]","[[3, 4], [3, 1]]",25,10,15,32,22,False,,measured and independently checked,21625,19041,22416,"[19041, 22416, 21625]"
smoke,test-edge-not_aligned,edge_not_aligned,,f98ead99f2e571cfefff96a90dabf1120d67cf2fd3a7af912ac2a431a61fc764,runs_length,reference,11,4,"[3, 4, 3, 1]","[[3, 4], [3, 1]]",25,10,15,32,22,False,,measured and independently checked,40542,37333,41000,"[37333, 40542, 41000]"
smoke,test-edge-not_aligned,edge_not_aligned,,f98ead99f2e571cfefff96a90dabf1120d67cf2fd3a7af912ac2a431a61fc764,runs_length,counted,11,4,"[3, 4, 3, 1]","[[3, 4], [3, 1]]",25,10,15,32,22,False,,measured and independently checked,25792,23208,25959,"[23208, 25959, 25792]"
smoke,test-edge-not_aligned,edge_not_aligned,,f98ead99f2e571cfefff96a90dabf1120d67cf2fd3a7af912ac2a431a61fc764,runs_length,plain,11,4,"[3, 4, 3, 1]","[[3, 4], [3, 1]]",25,10,15,32,22,False,,proved symbolic instrumentation (not maintained),11375,10375,11417,"[10375, 11417, 11375]"
smoke,test-edge-not_aligned,edge_not_aligned,,f98ead99f2e571cfefff96a90dabf1120d67cf2fd3a7af912ac2a431a61fc764,runs_length,staged_reference,11,4,"[3, 4, 3, 1]","[[3, 4], [3, 1]]",25,10,15,32,22,False,,measured and independently checked,36750,35208,39500,"[35208, 36750, 39500]"
smoke,test-edge-not_aligned,edge_not_aligned,,f98ead99f2e571cfefff96a90dabf1120d67cf2fd3a7af912ac2a431a61fc764,runs_length,scan_only,11,4,"[3, 4, 3, 1]","[[3, 4], [3, 1]]",25,10,15,32,22,False,,measured and independently checked,28209,28000,31125,"[28209, 28000, 31125]"
smoke,test-edge-not_aligned,edge_not_aligned,,f98ead99f2e571cfefff96a90dabf1120d67cf2fd3a7af912ac2a431a61fc764,runs_length,merge_only,11,4,"[3, 4, 3, 1]","[[3, 4], [3, 1]]",25,10,15,32,22,False,,measured and independently checked,33792,30208,36500,"[30208, 36500, 33792]"
smoke,test-edge-not_aligned,edge_not_aligned,,f98ead99f2e571cfefff96a90dabf1120d67cf2fd3a7af912ac2a431a61fc764,runs_length,staged_direct,11,4,"[3, 4, 3, 1]","[[3, 4], [3, 1]]",25,10,15,32,22,False,,measured and independently checked,24917,23916,27000,"[23916, 27000, 24917]"
smoke,test-edge-equal,edge_equal,,3602165173bea412f512db989588263c3990f5619df1c159b1cd6c152a4e938c,merge,reference,9,1,[9],merge,13,0,13,36,,True,36,measured and independently checked,16083,15792,18083,"[18083, 16083, 15792]"
smoke,test-edge-equal,edge_equal,,3602165173bea412f512db989588263c3990f5619df1c159b1cd6c152a4e938c,merge,counted,9,1,[9],merge,13,0,13,36,,True,36,measured and independently checked,15292,15250,17459,"[17459, 15292, 15250]"
smoke,test-edge-equal,edge_equal,,3602165173bea412f512db989588263c3990f5619df1c159b1cd6c152a4e938c,merge,plain,9,1,[9],merge,13,0,13,36,,True,36,proved symbolic instrumentation (not maintained),6167,6042,6834,"[6834, 6042, 6167]"
smoke,test-edge-equal,edge_equal,,3602165173bea412f512db989588263c3990f5619df1c159b1cd6c152a4e938c,hybrid_8,reference,9,1,[9],hybrid_8,11,0,11,25,,True,25,measured and independently checked,11750,11667,13292,"[13292, 11750, 11667]"
smoke,test-edge-equal,edge_equal,,3602165173bea412f512db989588263c3990f5619df1c159b1cd6c152a4e938c,hybrid_8,counted,9,1,[9],hybrid_8,11,0,11,25,,True,25,measured and independently checked,10000,9750,14250,"[14250, 10000, 9750]"
smoke,test-edge-equal,edge_equal,,3602165173bea412f512db989588263c3990f5619df1c159b1cd6c152a4e938c,hybrid_8,plain,9,1,[9],hybrid_8,11,0,11,25,,True,25,proved symbolic instrumentation (not maintained),3750,3750,4208,"[4208, 3750, 3750]"
smoke,test-edge-equal,edge_equal,,3602165173bea412f512db989588263c3990f5619df1c159b1cd6c152a4e938c,fixed_four,reference,9,1,[9],fixed_four,13,5,8,35,,True,23,measured and independently checked,14500,14208,16375,"[16375, 14500, 14208]"
smoke,test-edge-equal,edge_equal,,3602165173bea412f512db989588263c3990f5619df1c159b1cd6c152a4e938c,fixed_four,counted,9,1,[9],fixed_four,13,5,8,35,,True,23,measured and independently checked,13958,12125,14834,"[13958, 14834, 12125]"
smoke,test-edge-equal,edge_equal,,3602165173bea412f512db989588263c3990f5619df1c159b1cd6c152a4e938c,fixed_four,plain,9,1,[9],fixed_four,13,5,8,35,,True,23,proved symbolic instrumentation (not maintained),4458,4458,4833,"[4833, 4458, 4458]"
smoke,test-edge-equal,edge_equal,,3602165173bea412f512db989588263c3990f5619df1c159b1cd6c152a4e938c,runs_count,reference,9,1,[9],9,8,8,0,8,0,False,,measured and independently checked,13584,13083,14917,"[14917, 13083, 13584]"
smoke,test-edge-equal,edge_equal,,3602165173bea412f512db989588263c3990f5619df1c159b1cd6c152a4e938c,runs_count,counted,9,1,[9],9,8,8,0,8,0,False,,measured and independently checked,7333,7084,8209,"[8209, 7084, 7333]"
smoke,test-edge-equal,edge_equal,,3602165173bea412f512db989588263c3990f5619df1c159b1cd6c152a4e938c,runs_count,plain,9,1,[9],9,8,8,0,8,0,False,,proved symbolic instrumentation (not maintained),3042,2833,3417,"[3417, 2833, 3042]"
smoke,test-edge-equal,edge_equal,,3602165173bea412f512db989588263c3990f5619df1c159b1cd6c152a4e938c,runs_count,staged_reference,9,1,[9],9,8,8,0,8,0,False,,measured and independently checked,12334,11625,13459,"[13459, 11625, 12334]"
smoke,test-edge-equal,edge_equal,,3602165173bea412f512db989588263c3990f5619df1c159b1cd6c152a4e938c,runs_count,scan_only,9,1,[9],9,8,8,0,8,0,False,,measured and independently checked,7667,6875,8000,"[7667, 6875, 8000]"
smoke,test-edge-equal,edge_equal,,3602165173bea412f512db989588263c3990f5619df1c159b1cd6c152a4e938c,runs_count,merge_only,9,1,[9],9,8,8,0,8,0,False,,measured and independently checked,11709,11625,13041,"[11709, 11625, 13041]"
smoke,test-edge-equal,edge_equal,,3602165173bea412f512db989588263c3990f5619df1c159b1cd6c152a4e938c,runs_count,staged_direct,9,1,[9],9,8,8,0,8,0,False,,measured and independently checked,7042,6833,7625,"[6833, 7042, 7625]"
smoke,test-edge-equal,edge_equal,,3602165173bea412f512db989588263c3990f5619df1c159b1cd6c152a4e938c,runs_length,reference,9,1,[9],9,8,8,0,8,0,False,,measured and independently checked,13125,12958,14500,"[12958, 13125, 14500]"
smoke,test-edge-equal,edge_equal,,3602165173bea412f512db989588263c3990f5619df1c159b1cd6c152a4e938c,runs_length,counted,9,1,[9],9,8,8,0,8,0,False,,measured and independently checked,7166,7084,7875,"[7166, 7084, 7875]"
smoke,test-edge-equal,edge_equal,,3602165173bea412f512db989588263c3990f5619df1c159b1cd6c152a4e938c,runs_length,plain,9,1,[9],9,8,8,0,8,0,False,,proved symbolic instrumentation (not maintained),2875,2834,3125,"[2834, 2875, 3125]"
smoke,test-edge-equal,edge_equal,,3602165173bea412f512db989588263c3990f5619df1c159b1cd6c152a4e938c,runs_length,staged_reference,9,1,[9],9,8,8,0,8,0,False,,measured and independently checked,12083,11458,13417,"[12083, 11458, 13417]"
smoke,test-edge-equal,edge_equal,,3602165173bea412f512db989588263c3990f5619df1c159b1cd6c152a4e938c,runs_length,scan_only,9,1,[9],9,8,8,0,8,0,False,,measured and independently checked,7125,7083,8000,"[7125, 7083, 8000]"
smoke,test-edge-equal,edge_equal,,3602165173bea412f512db989588263c3990f5619df1c159b1cd6c152a4e938c,runs_length,merge_only,9,1,[9],9,8,8,0,8,0,False,,measured and independently checked,13000,11667,13292,"[13292, 11667, 13000]"
smoke,test-edge-equal,edge_equal,,3602165173bea412f512db989588263c3990f5619df1c159b1cd6c152a4e938c,runs_length,staged_direct,9,1,[9],9,8,8,0,8,0,False,,measured and independently checked,7792,7583,15292,"[7792, 15292, 7583]"
smoke,test-edge-duplicates,edge_duplicates,,f17f3cc80440533fb7782b9a678968e5225c8c0e6f881218613ea2b97cf9eeb6,merge,reference,7,3,"[3, 3, 1]",merge,11,0,11,21,,True,21,measured and independently checked,15458,15083,15750,"[15750, 15083, 15458]"
smoke,test-edge-duplicates,edge_duplicates,,f17f3cc80440533fb7782b9a678968e5225c8c0e6f881218613ea2b97cf9eeb6,merge,counted,7,3,"[3, 3, 1]",merge,11,0,11,21,,True,21,measured and independently checked,14125,13875,14292,"[14292, 14125, 13875]"
smoke,test-edge-duplicates,edge_duplicates,,f17f3cc80440533fb7782b9a678968e5225c8c0e6f881218613ea2b97cf9eeb6,merge,plain,7,3,"[3, 3, 1]",merge,11,0,11,21,,True,21,proved symbolic instrumentation (not maintained),5792,5625,5875,"[5875, 5792, 5625]"
smoke,test-edge-duplicates,edge_duplicates,,f17f3cc80440533fb7782b9a678968e5225c8c0e6f881218613ea2b97cf9eeb6,hybrid_8,reference,7,3,"[3, 3, 1]",hybrid_8,12,0,12,21,,True,21,measured and independently checked,12750,11708,12916,"[11708, 12916, 12750]"
smoke,test-edge-duplicates,edge_duplicates,,f17f3cc80440533fb7782b9a678968e5225c8c0e6f881218613ea2b97cf9eeb6,hybrid_8,counted,7,3,"[3, 3, 1]",hybrid_8,12,0,12,21,,True,21,measured and independently checked,9750,8875,10041,"[8875, 10041, 9750]"
smoke,test-edge-duplicates,edge_duplicates,,f17f3cc80440533fb7782b9a678968e5225c8c0e6f881218613ea2b97cf9eeb6,hybrid_8,plain,7,3,"[3, 3, 1]",hybrid_8,12,0,12,21,,True,21,proved symbolic instrumentation (not maintained),3375,3208,3542,"[3208, 3542, 3375]"
smoke,test-edge-duplicates,edge_duplicates,,f17f3cc80440533fb7782b9a678968e5225c8c0e6f881218613ea2b97cf9eeb6,fixed_four,reference,7,3,"[3, 3, 1]",fixed_four,12,3,9,23,,False,17,measured and independently checked,16375,15041,16792,"[15041, 16792, 16375]"
smoke,test-edge-duplicates,edge_duplicates,,f17f3cc80440533fb7782b9a678968e5225c8c0e6f881218613ea2b97cf9eeb6,fixed_four,counted,7,3,"[3, 3, 1]",fixed_four,12,3,9,23,,False,17,measured and independently checked,14542,13250,15000,"[13250, 15000, 14542]"
smoke,test-edge-duplicates,edge_duplicates,,f17f3cc80440533fb7782b9a678968e5225c8c0e6f881218613ea2b97cf9eeb6,fixed_four,plain,7,3,"[3, 3, 1]",fixed_four,12,3,9,23,,False,17,proved symbolic instrumentation (not maintained),5541,5417,5709,"[5417, 5709, 5541]"
smoke,test-edge-duplicates,edge_duplicates,,f17f3cc80440533fb7782b9a678968e5225c8c0e6f881218613ea2b97cf9eeb6,runs_count,reference,7,3,"[3, 3, 1]","[3, [3, 1]]",14,6,8,20,11,False,,measured and independently checked,19209,19208,19708,"[19708, 19209, 19208]"
smoke,test-edge-duplicates,edge_duplicates,,f17f3cc80440533fb7782b9a678968e5225c8c0e6f881218613ea2b97cf9eeb6,runs_count,counted,7,3,"[3, 3, 1]","[3, [3, 1]]",14,6,8,20,11,False,,measured and independently checked,14333,12917,14375,"[14375, 12917, 14333]"
smoke,test-edge-duplicates,edge_duplicates,,f17f3cc80440533fb7782b9a678968e5225c8c0e6f881218613ea2b97cf9eeb6,runs_count,plain,7,3,"[3, 3, 1]","[3, [3, 1]]",14,6,8,20,11,False,,proved symbolic instrumentation (not maintained),5542,4875,5750,"[5750, 4875, 5542]"
smoke,test-edge-duplicates,edge_duplicates,,f17f3cc80440533fb7782b9a678968e5225c8c0e6f881218613ea2b97cf9eeb6,runs_count,staged_reference,7,3,"[3, 3, 1]","[3, [3, 1]]",14,6,8,20,11,False,,measured and independently checked,18458,16209,18875,"[18875, 16209, 18458]"
smoke,test-edge-duplicates,edge_duplicates,,f17f3cc80440533fb7782b9a678968e5225c8c0e6f881218613ea2b97cf9eeb6,runs_count,scan_only,7,3,"[3, 3, 1]","[3, [3, 1]]",14,6,8,20,11,False,,measured and independently checked,15458,15333,19666,"[15333, 19666, 15458]"
smoke,test-edge-duplicates,edge_duplicates,,f17f3cc80440533fb7782b9a678968e5225c8c0e6f881218613ea2b97cf9eeb6,runs_count,merge_only,7,3,"[3, 3, 1]","[3, [3, 1]]",14,6,8,20,11,False,,measured and independently checked,16792,16667,21167,"[16667, 21167, 16792]"
smoke,test-edge-duplicates,edge_duplicates,,f17f3cc80440533fb7782b9a678968e5225c8c0e6f881218613ea2b97cf9eeb6,runs_count,staged_direct,7,3,"[3, 3, 1]","[3, [3, 1]]",14,6,8,20,11,False,,measured and independently checked,13583,13167,15542,"[13167, 15542, 13583]"
smoke,test-edge-duplicates,edge_duplicates,,f17f3cc80440533fb7782b9a678968e5225c8c0e6f881218613ea2b97cf9eeb6,runs_length,reference,7,3,"[3, 3, 1]","[3, [3, 1]]",14,6,8,17,11,False,,measured and independently checked,22625,22000,23417,"[22000, 22625, 23417]"
smoke,test-edge-duplicates,edge_duplicates,,f17f3cc80440533fb7782b9a678968e5225c8c0e6f881218613ea2b97cf9eeb6,runs_length,counted,7,3,"[3, 3, 1]","[3, [3, 1]]",14,6,8,17,11,False,,measured and independently checked,16750,16292,17625,"[16750, 17625, 16292]"
smoke,test-edge-duplicates,edge_duplicates,,f17f3cc80440533fb7782b9a678968e5225c8c0e6f881218613ea2b97cf9eeb6,runs_length,plain,7,3,"[3, 3, 1]","[3, [3, 1]]",14,6,8,17,11,False,,proved symbolic instrumentation (not maintained),8583,7875,9833,"[7875, 9833, 8583]"
smoke,test-edge-duplicates,edge_duplicates,,f17f3cc80440533fb7782b9a678968e5225c8c0e6f881218613ea2b97cf9eeb6,runs_length,staged_reference,7,3,"[3, 3, 1]","[3, [3, 1]]",14,6,8,17,11,False,,measured and independently checked,20958,20458,24583,"[20958, 20458, 24583]"
smoke,test-edge-duplicates,edge_duplicates,,f17f3cc80440533fb7782b9a678968e5225c8c0e6f881218613ea2b97cf9eeb6,runs_length,scan_only,7,3,"[3, 3, 1]","[3, [3, 1]]",14,6,8,17,11,False,,measured and independently checked,18292,17917,18583,"[17917, 18292, 18583]"
smoke,test-edge-duplicates,edge_duplicates,,f17f3cc80440533fb7782b9a678968e5225c8c0e6f881218613ea2b97cf9eeb6,runs_length,merge_only,7,3,"[3, 3, 1]","[3, [3, 1]]",14,6,8,17,11,False,,measured and independently checked,19042,18875,19583,"[19042, 18875, 19583]"
smoke,test-edge-duplicates,edge_duplicates,,f17f3cc80440533fb7782b9a678968e5225c8c0e6f881218613ea2b97cf9eeb6,runs_length,staged_direct,7,3,"[3, 3, 1]","[3, [3, 1]]",14,6,8,17,11,False,,measured and independently checked,16042,16000,16208,"[16042, 16000, 16208]"
smoke,test-edge-odd,edge_odd,,3bec7a57fbf09701d7b5dae891422db7d7128cd11134dcfed80c9e767641c64c,merge,reference,5,3,"[1, 2, 2]",merge,8,0,8,15,,True,15,measured and independently checked,10792,10750,10834,"[10834, 10750, 10792]"
smoke,test-edge-odd,edge_odd,,3bec7a57fbf09701d7b5dae891422db7d7128cd11134dcfed80c9e767641c64c,merge,counted,5,3,"[1, 2, 2]",merge,8,0,8,15,,True,15,measured and independently checked,10584,10333,10958,"[10958, 10584, 10333]"
smoke,test-edge-odd,edge_odd,,3bec7a57fbf09701d7b5dae891422db7d7128cd11134dcfed80c9e767641c64c,merge,plain,5,3,"[1, 2, 2]",merge,8,0,8,15,,True,15,proved symbolic instrumentation (not maintained),4458,4125,4583,"[4583, 4458, 4125]"
smoke,test-edge-odd,edge_odd,,3bec7a57fbf09701d7b5dae891422db7d7128cd11134dcfed80c9e767641c64c,hybrid_8,reference,5,3,"[1, 2, 2]",hybrid_8,9,0,9,10,,True,10,measured and independently checked,9334,9166,9417,"[9417, 9334, 9166]"
smoke,test-edge-odd,edge_odd,,3bec7a57fbf09701d7b5dae891422db7d7128cd11134dcfed80c9e767641c64c,hybrid_8,counted,5,3,"[1, 2, 2]",hybrid_8,9,0,9,10,,True,10,measured and independently checked,7791,7541,7833,"[7833, 7791, 7541]"
smoke,test-edge-odd,edge_odd,,3bec7a57fbf09701d7b5dae891422db7d7128cd11134dcfed80c9e767641c64c,hybrid_8,plain,5,3,"[1, 2, 2]",hybrid_8,9,0,9,10,,True,10,proved symbolic instrumentation (not maintained),3000,2792,3084,"[3084, 3000, 2792]"
smoke,test-edge-odd,edge_odd,,3bec7a57fbf09701d7b5dae891422db7d7128cd11134dcfed80c9e767641c64c,fixed_four,reference,5,3,"[1, 2, 2]",fixed_four,8,1,7,13,,True,11,measured and independently checked,11458,11375,11542,"[11375, 11458, 11542]"
smoke,test-edge-odd,edge_odd,,3bec7a57fbf09701d7b5dae891422db7d7128cd11134dcfed80c9e767641c64c,fixed_four,counted,5,3,"[1, 2, 2]",fixed_four,8,1,7,13,,True,11,measured and independently checked,11291,11208,11709,"[11208, 11709, 11291]"
smoke,test-edge-odd,edge_odd,,3bec7a57fbf09701d7b5dae891422db7d7128cd11134dcfed80c9e767641c64c,fixed_four,plain,5,3,"[1, 2, 2]",fixed_four,8,1,7,13,,True,11,proved symbolic instrumentation (not maintained),4375,4125,4708,"[4375, 4708, 4125]"
smoke,test-edge-odd,edge_odd,,3bec7a57fbf09701d7b5dae891422db7d7128cd11134dcfed80c9e767641c64c,runs_count,reference,5,3,"[1, 2, 2]","[1, [2, 2]]",11,4,7,14,9,False,,measured and independently checked,14542,14541,15791,"[14542, 15791, 14541]"
smoke,test-edge-odd,edge_odd,,3bec7a57fbf09701d7b5dae891422db7d7128cd11134dcfed80c9e767641c64c,runs_count,counted,5,3,"[1, 2, 2]","[1, [2, 2]]",11,4,7,14,9,False,,measured and independently checked,12292,12167,12334,"[12334, 12167, 12292]"
smoke,test-edge-odd,edge_odd,,3bec7a57fbf09701d7b5dae891422db7d7128cd11134dcfed80c9e767641c64c,runs_count,plain,5,3,"[1, 2, 2]","[1, [2, 2]]",11,4,7,14,9,False,,proved symbolic instrumentation (not maintained),4875,4875,5042,"[5042, 4875, 4875]"
smoke,test-edge-odd,edge_odd,,3bec7a57fbf09701d7b5dae891422db7d7128cd11134dcfed80c9e767641c64c,runs_count,staged_reference,5,3,"[1, 2, 2]","[1, [2, 2]]",11,4,7,14,9,False,,measured and independently checked,13875,13084,14000,"[13875, 13084, 14000]"
smoke,test-edge-odd,edge_odd,,3bec7a57fbf09701d7b5dae891422db7d7128cd11134dcfed80c9e767641c64c,runs_count,scan_only,5,3,"[1, 2, 2]","[1, [2, 2]]",11,4,7,14,9,False,,measured and independently checked,12958,12917,12958,"[12958, 12917, 12958]"
smoke,test-edge-odd,edge_odd,,3bec7a57fbf09701d7b5dae891422db7d7128cd11134dcfed80c9e767641c64c,runs_count,merge_only,5,3,"[1, 2, 2]","[1, [2, 2]]",11,4,7,14,9,False,,measured and independently checked,12959,12625,13041,"[13041, 12625, 12959]"
smoke,test-edge-odd,edge_odd,,3bec7a57fbf09701d7b5dae891422db7d7128cd11134dcfed80c9e767641c64c,runs_count,staged_direct,5,3,"[1, 2, 2]","[1, [2, 2]]",11,4,7,14,9,False,,measured and independently checked,11541,11417,12250,"[11541, 12250, 11417]"
smoke,test-edge-odd,edge_odd,,3bec7a57fbf09701d7b5dae891422db7d7128cd11134dcfed80c9e767641c64c,runs_length,reference,5,3,"[1, 2, 2]","[[1, 2], 2]",10,4,6,12,8,False,,measured and independently checked,16250,16125,16375,"[16250, 16125, 16375]"
smoke,test-edge-odd,edge_odd,,3bec7a57fbf09701d7b5dae891422db7d7128cd11134dcfed80c9e767641c64c,runs_length,counted,5,3,"[1, 2, 2]","[[1, 2], 2]",10,4,6,12,8,False,,measured and independently checked,14250,14250,14292,"[14250, 14292, 14250]"
smoke,test-edge-odd,edge_odd,,3bec7a57fbf09701d7b5dae891422db7d7128cd11134dcfed80c9e767641c64c,runs_length,plain,5,3,"[1, 2, 2]","[[1, 2], 2]",10,4,6,12,8,False,,proved symbolic instrumentation (not maintained),7250,7250,7709,"[7709, 7250, 7250]"
smoke,test-edge-odd,edge_odd,,3bec7a57fbf09701d7b5dae891422db7d7128cd11134dcfed80c9e767641c64c,runs_length,staged_reference,5,3,"[1, 2, 2]","[[1, 2], 2]",10,4,6,12,8,False,,measured and independently checked,15500,14583,15584,"[15500, 14583, 15584]"
smoke,test-edge-odd,edge_odd,,3bec7a57fbf09701d7b5dae891422db7d7128cd11134dcfed80c9e767641c64c,runs_length,scan_only,5,3,"[1, 2, 2]","[[1, 2], 2]",10,4,6,12,8,False,,measured and independently checked,14500,14417,14542,"[14417, 14542, 14500]"
smoke,test-edge-odd,edge_odd,,3bec7a57fbf09701d7b5dae891422db7d7128cd11134dcfed80c9e767641c64c,runs_length,merge_only,5,3,"[1, 2, 2]","[[1, 2], 2]",10,4,6,12,8,False,,measured and independently checked,14958,14833,15083,"[14833, 14958, 15083]"
smoke,test-edge-odd,edge_odd,,3bec7a57fbf09701d7b5dae891422db7d7128cd11134dcfed80c9e767641c64c,runs_length,staged_direct,5,3,"[1, 2, 2]","[[1, 2], 2]",10,4,6,12,8,False,,measured and independently checked,13792,13709,13875,"[13709, 13875, 13792]"
smoke,test-edge-empty,edge_empty,,4f53cda18c2baa0c0354bb5f9a3ecbe5ed12ab4d8e11ba873c2f11161202b945,merge,reference,0,0,[],merge,0,0,0,0,,True,0,measured and independently checked,709,500,750,"[750, 500, 709]"
smoke,test-edge-empty,edge_empty,,4f53cda18c2baa0c0354bb5f9a3ecbe5ed12ab4d8e11ba873c2f11161202b945,merge,counted,0,0,[],merge,0,0,0,0,,True,0,measured and independently checked,750,708,916,"[916, 708, 750]"
smoke,test-edge-empty,edge_empty,,4f53cda18c2baa0c0354bb5f9a3ecbe5ed12ab4d8e11ba873c2f11161202b945,merge,plain,0,0,[],merge,0,0,0,0,,True,0,proved symbolic instrumentation (not maintained),542,541,667,"[667, 542, 541]"
smoke,test-edge-empty,edge_empty,,4f53cda18c2baa0c0354bb5f9a3ecbe5ed12ab4d8e11ba873c2f11161202b945,hybrid_8,reference,0,0,[],hybrid_8,0,0,0,0,,True,0,measured and independently checked,792,625,1125,"[1125, 792, 625]"
smoke,test-edge-empty,edge_empty,,4f53cda18c2baa0c0354bb5f9a3ecbe5ed12ab4d8e11ba873c2f11161202b945,hybrid_8,counted,0,0,[],hybrid_8,0,0,0,0,,True,0,measured and independently checked,875,708,958,"[875, 958, 708]"
smoke,test-edge-empty,edge_empty,,4f53cda18c2baa0c0354bb5f9a3ecbe5ed12ab4d8e11ba873c2f11161202b945,hybrid_8,plain,0,0,[],hybrid_8,0,0,0,0,,True,0,proved symbolic instrumentation (not maintained),750,625,791,"[750, 791, 625]"
smoke,test-edge-empty,edge_empty,,4f53cda18c2baa0c0354bb5f9a3ecbe5ed12ab4d8e11ba873c2f11161202b945,fixed_four,reference,0,0,[],fixed_four,0,0,0,0,,True,0,measured and independently checked,3916,3833,4209,"[4209, 3916, 3833]"
smoke,test-edge-empty,edge_empty,,4f53cda18c2baa0c0354bb5f9a3ecbe5ed12ab4d8e11ba873c2f11161202b945,fixed_four,counted,0,0,[],fixed_four,0,0,0,0,,True,0,measured and independently checked,4791,4583,5042,"[5042, 4791, 4583]"
smoke,test-edge-empty,edge_empty,,4f53cda18c2baa0c0354bb5f9a3ecbe5ed12ab4d8e11ba873c2f11161202b945,fixed_four,plain,0,0,[],fixed_four,0,0,0,0,,True,0,proved symbolic instrumentation (not maintained),2125,2000,2125,"[2125, 2125, 2000]"
smoke,test-edge-empty,edge_empty,,4f53cda18c2baa0c0354bb5f9a3ecbe5ed12ab4d8e11ba873c2f11161202b945,runs_count,reference,0,0,[],[],0,0,0,0,0,False,,measured and independently checked,959,917,1042,"[1042, 917, 959]"
smoke,test-edge-empty,edge_empty,,4f53cda18c2baa0c0354bb5f9a3ecbe5ed12ab4d8e11ba873c2f11161202b945,runs_count,counted,0,0,[],[],0,0,0,0,0,False,,measured and independently checked,1042,958,1167,"[1167, 958, 1042]"
smoke,test-edge-empty,edge_empty,,4f53cda18c2baa0c0354bb5f9a3ecbe5ed12ab4d8e11ba873c2f11161202b945,runs_count,plain,0,0,[],[],0,0,0,0,0,False,,proved symbolic instrumentation (not maintained),666,625,709,"[709, 625, 666]"
smoke,test-edge-empty,edge_empty,,4f53cda18c2baa0c0354bb5f9a3ecbe5ed12ab4d8e11ba873c2f11161202b945,runs_count,staged_reference,0,0,[],[],0,0,0,0,0,False,,measured and independently checked,1083,708,1208,"[1208, 708, 1083]"
smoke,test-edge-empty,edge_empty,,4f53cda18c2baa0c0354bb5f9a3ecbe5ed12ab4d8e11ba873c2f11161202b945,runs_count,scan_only,0,0,[],[],0,0,0,0,0,False,,measured and independently checked,792,708,834,"[834, 708, 792]"
smoke,test-edge-empty,edge_empty,,4f53cda18c2baa0c0354bb5f9a3ecbe5ed12ab4d8e11ba873c2f11161202b945,runs_count,merge_only,0,0,[],[],0,0,0,0,0,False,,measured and independently checked,709,708,750,"[750, 708, 709]"
smoke,test-edge-empty,edge_empty,,4f53cda18c2baa0c0354bb5f9a3ecbe5ed12ab4d8e11ba873c2f11161202b945,runs_count,staged_direct,0,0,[],[],0,0,0,0,0,False,,measured and independently checked,667,625,750,"[667, 750, 625]"
smoke,test-edge-empty,edge_empty,,4f53cda18c2baa0c0354bb5f9a3ecbe5ed12ab4d8e11ba873c2f11161202b945,runs_length,reference,0,0,[],[],0,0,0,0,0,False,,measured and independently checked,1000,958,1000,"[1000, 1000, 958]"
smoke,test-edge-empty,edge_empty,,4f53cda18c2baa0c0354bb5f9a3ecbe5ed12ab4d8e11ba873c2f11161202b945,runs_length,counted,0,0,[],[],0,0,0,0,0,False,,measured and independently checked,958,917,1083,"[1083, 917, 958]"
smoke,test-edge-empty,edge_empty,,4f53cda18c2baa0c0354bb5f9a3ecbe5ed12ab4d8e11ba873c2f11161202b945,runs_length,plain,0,0,[],[],0,0,0,0,0,False,,proved symbolic instrumentation (not maintained),666,625,667,"[666, 625, 667]"
smoke,test-edge-empty,edge_empty,,4f53cda18c2baa0c0354bb5f9a3ecbe5ed12ab4d8e11ba873c2f11161202b945,runs_length,staged_reference,0,0,[],[],0,0,0,0,0,False,,measured and independently checked,834,625,875,"[834, 625, 875]"
smoke,test-edge-empty,edge_empty,,4f53cda18c2baa0c0354bb5f9a3ecbe5ed12ab4d8e11ba873c2f11161202b945,runs_length,scan_only,0,0,[],[],0,0,0,0,0,False,,measured and independently checked,625,625,750,"[625, 625, 750]"
smoke,test-edge-empty,edge_empty,,4f53cda18c2baa0c0354bb5f9a3ecbe5ed12ab4d8e11ba873c2f11161202b945,runs_length,merge_only,0,0,[],[],0,0,0,0,0,False,,measured and independently checked,625,584,666,"[584, 666, 625]"
smoke,test-edge-empty,edge_empty,,4f53cda18c2baa0c0354bb5f9a3ecbe5ed12ab4d8e11ba873c2f11161202b945,runs_length,staged_direct,0,0,[],[],0,0,0,0,0,False,,measured and independently checked,625,542,708,"[542, 708, 625]"
smoke,test-edge-singleton,edge_singleton,,589ffd3acf522ae81192579f297589e93b0c41f748b224d1b4bb5c857a2f70cb,merge,reference,1,1,[1],merge,0,0,0,0,,True,0,measured and independently checked,833,750,959,"[959, 833, 750]"
smoke,test-edge-singleton,edge_singleton,,589ffd3acf522ae81192579f297589e93b0c41f748b224d1b4bb5c857a2f70cb,merge,counted,1,1,[1],merge,0,0,0,0,,True,0,measured and independently checked,833,667,917,"[917, 667, 833]"
smoke,test-edge-singleton,edge_singleton,,589ffd3acf522ae81192579f297589e93b0c41f748b224d1b4bb5c857a2f70cb,merge,plain,1,1,[1],merge,0,0,0,0,,True,0,proved symbolic instrumentation (not maintained),750,709,959,"[959, 750, 709]"
smoke,test-edge-singleton,edge_singleton,,589ffd3acf522ae81192579f297589e93b0c41f748b224d1b4bb5c857a2f70cb,hybrid_8,reference,1,1,[1],hybrid_8,0,0,0,0,,True,0,measured and independently checked,1208,1167,1708,"[1708, 1208, 1167]"
smoke,test-edge-singleton,edge_singleton,,589ffd3acf522ae81192579f297589e93b0c41f748b224d1b4bb5c857a2f70cb,hybrid_8,counted,1,1,[1],hybrid_8,0,0,0,0,,True,0,measured and independently checked,1667,1292,1792,"[1792, 1667, 1292]"
smoke,test-edge-singleton,edge_singleton,,589ffd3acf522ae81192579f297589e93b0c41f748b224d1b4bb5c857a2f70cb,hybrid_8,plain,1,1,[1],hybrid_8,0,0,0,0,,True,0,proved symbolic instrumentation (not maintained),1042,917,1125,"[1125, 1042, 917]"
smoke,test-edge-singleton,edge_singleton,,589ffd3acf522ae81192579f297589e93b0c41f748b224d1b4bb5c857a2f70cb,fixed_four,reference,1,1,[1],fixed_four,0,0,0,2,,True,2,measured and independently checked,4208,4083,4583,"[4583, 4208, 4083]"
smoke,test-edge-singleton,edge_singleton,,589ffd3acf522ae81192579f297589e93b0c41f748b224d1b4bb5c857a2f70cb,fixed_four,counted,1,1,[1],fixed_four,0,0,0,2,,True,2,measured and independently checked,4959,4917,5208,"[5208, 4959, 4917]"
smoke,test-edge-singleton,edge_singleton,,589ffd3acf522ae81192579f297589e93b0c41f748b224d1b4bb5c857a2f70cb,fixed_four,plain,1,1,[1],fixed_four,0,0,0,2,,True,2,proved symbolic instrumentation (not maintained),2417,2375,2458,"[2458, 2417, 2375]"
smoke,test-edge-singleton,edge_singleton,,589ffd3acf522ae81192579f297589e93b0c41f748b224d1b4bb5c857a2f70cb,runs_count,reference,1,1,[1],1,0,0,0,0,0,False,,measured and independently checked,1500,1333,1667,"[1667, 1333, 1500]"
smoke,test-edge-singleton,edge_singleton,,589ffd3acf522ae81192579f297589e93b0c41f748b224d1b4bb5c857a2f70cb,runs_count,counted,1,1,[1],1,0,0,0,0,0,False,,measured and independently checked,1625,1541,1875,"[1875, 1541, 1625]"
smoke,test-edge-singleton,edge_singleton,,589ffd3acf522ae81192579f297589e93b0c41f748b224d1b4bb5c857a2f70cb,runs_count,plain,1,1,[1],1,0,0,0,0,0,False,,proved symbolic instrumentation (not maintained),1083,1042,1250,"[1250, 1042, 1083]"
smoke,test-edge-singleton,edge_singleton,,589ffd3acf522ae81192579f297589e93b0c41f748b224d1b4bb5c857a2f70cb,runs_count,staged_reference,1,1,[1],1,0,0,0,0,0,False,,measured and independently checked,1583,1125,1709,"[1709, 1125, 1583]"
smoke,test-edge-singleton,edge_singleton,,589ffd3acf522ae81192579f297589e93b0c41f748b224d1b4bb5c857a2f70cb,runs_count,scan_only,1,1,[1],1,0,0,0,0,0,False,,measured and independently checked,1417,1250,1459,"[1459, 1250, 1417]"
smoke,test-edge-singleton,edge_singleton,,589ffd3acf522ae81192579f297589e93b0c41f748b224d1b4bb5c857a2f70cb,runs_count,merge_only,1,1,[1],1,0,0,0,0,0,False,,measured and independently checked,1167,1167,1208,"[1208, 1167, 1167]"
smoke,test-edge-singleton,edge_singleton,,589ffd3acf522ae81192579f297589e93b0c41f748b224d1b4bb5c857a2f70cb,runs_count,staged_direct,1,1,[1],1,0,0,0,0,0,False,,measured and independently checked,1209,1208,1458,"[1208, 1458, 1209]"
smoke,test-edge-singleton,edge_singleton,,589ffd3acf522ae81192579f297589e93b0c41f748b224d1b4bb5c857a2f70cb,runs_length,reference,1,1,[1],1,0,0,0,0,0,False,,measured and independently checked,1417,1417,1417,"[1417, 1417, 1417]"
smoke,test-edge-singleton,edge_singleton,,589ffd3acf522ae81192579f297589e93b0c41f748b224d1b4bb5c857a2f70cb,runs_length,counted,1,1,[1],1,0,0,0,0,0,False,,measured and independently checked,1583,1500,1625,"[1625, 1583, 1500]"
smoke,test-edge-singleton,edge_singleton,,589ffd3acf522ae81192579f297589e93b0c41f748b224d1b4bb5c857a2f70cb,runs_length,plain,1,1,[1],1,0,0,0,0,0,False,,proved symbolic instrumentation (not maintained),1083,1042,1125,"[1125, 1083, 1042]"
smoke,test-edge-singleton,edge_singleton,,589ffd3acf522ae81192579f297589e93b0c41f748b224d1b4bb5c857a2f70cb,runs_length,staged_reference,1,1,[1],1,0,0,0,0,0,False,,measured and independently checked,1208,1125,1416,"[1416, 1125, 1208]"
smoke,test-edge-singleton,edge_singleton,,589ffd3acf522ae81192579f297589e93b0c41f748b224d1b4bb5c857a2f70cb,runs_length,scan_only,1,1,[1],1,0,0,0,0,0,False,,measured and independently checked,1250,1209,1375,"[1375, 1250, 1209]"
smoke,test-edge-singleton,edge_singleton,,589ffd3acf522ae81192579f297589e93b0c41f748b224d1b4bb5c857a2f70cb,runs_length,merge_only,1,1,[1],1,0,0,0,0,0,False,,measured and independently checked,1166,1000,1250,"[1166, 1250, 1000]"
smoke,test-edge-singleton,edge_singleton,,589ffd3acf522ae81192579f297589e93b0c41f748b224d1b4bb5c857a2f70cb,runs_length,staged_direct,1,1,[1],1,0,0,0,0,0,False,,measured and independently checked,1208,1125,1542,"[1208, 1542, 1125]"
smoke,test-edge-length_witness,edge_length_witness,,eb170440665bb6d6e309112ca9a0b4c78014602324a5a94cdb786b5f9d26e027,merge,reference,18,3,"[1, 1, 16]",merge,45,0,45,90,,True,90,measured and independently checked,73209,66375,74542,"[73209, 66375, 74542]"
smoke,test-edge-length_witness,edge_length_witness,,eb170440665bb6d6e309112ca9a0b4c78014602324a5a94cdb786b5f9d26e027,merge,counted,18,3,"[1, 1, 16]",merge,45,0,45,90,,True,90,measured and independently checked,45125,44042,45125,"[45125, 44042, 45125]"
smoke,test-edge-length_witness,edge_length_witness,,eb170440665bb6d6e309112ca9a0b4c78014602324a5a94cdb786b5f9d26e027,merge,plain,18,3,"[1, 1, 16]",merge,45,0,45,90,,True,90,proved symbolic instrumentation (not maintained),15541,15375,15625,"[15625, 15541, 15375]"
smoke,test-edge-length_witness,edge_length_witness,,eb170440665bb6d6e309112ca9a0b4c78014602324a5a94cdb786b5f9d26e027,hybrid_8,reference,18,3,"[1, 1, 16]",hybrid_8,44,0,44,68,,True,68,measured and independently checked,67125,66416,69708,"[67125, 69708, 66416]"
smoke,test-edge-length_witness,edge_length_witness,,eb170440665bb6d6e309112ca9a0b4c78014602324a5a94cdb786b5f9d26e027,hybrid_8,counted,18,3,"[1, 1, 16]",hybrid_8,44,0,44,68,,True,68,measured and independently checked,35000,32958,37125,"[35000, 32958, 37125]"
smoke,test-edge-length_witness,edge_length_witness,,eb170440665bb6d6e309112ca9a0b4c78014602324a5a94cdb786b5f9d26e027,hybrid_8,plain,18,3,"[1, 1, 16]",hybrid_8,44,0,44,68,,True,68,proved symbolic instrumentation (not maintained),10958,9750,11083,"[11083, 9750, 10958]"
smoke,test-edge-length_witness,edge_length_witness,,eb170440665bb6d6e309112ca9a0b4c78014602324a5a94cdb786b5f9d26e027,fixed_four,reference,18,3,"[1, 1, 16]",fixed_four,43,12,31,96,,False,50,measured and independently checked,62958,62000,78833,"[78833, 62000, 62958]"
smoke,test-edge-length_witness,edge_length_witness,,eb170440665bb6d6e309112ca9a0b4c78014602324a5a94cdb786b5f9d26e027,fixed_four,counted,18,3,"[1, 1, 16]",fixed_four,43,12,31,96,,False,50,measured and independently checked,34833,34375,37667,"[37667, 34833, 34375]"
smoke,test-edge-length_witness,edge_length_witness,,eb170440665bb6d6e309112ca9a0b4c78014602324a5a94cdb786b5f9d26e027,fixed_four,plain,18,3,"[1, 1, 16]",fixed_four,43,12,31,96,,False,50,proved symbolic instrumentation (not maintained),10917,10917,11041,"[10917, 11041, 10917]"
smoke,test-edge-length_witness,edge_length_witness,,eb170440665bb6d6e309112ca9a0b4c78014602324a5a94cdb786b5f9d26e027,runs_count,reference,18,3,"[1, 1, 16]","[1, [1, 16]]",50,17,33,53,35,False,,measured and independently checked,107500,104042,108000,"[104042, 107500, 108000]"
smoke,test-edge-length_witness,edge_length_witness,,eb170440665bb6d6e309112ca9a0b4c78014602324a5a94cdb786b5f9d26e027,runs_count,counted,18,3,"[1, 1, 16]","[1, [1, 16]]",50,17,33,53,35,False,,measured and independently checked,36166,32417,36208,"[32417, 36208, 36166]"
smoke,test-edge-length_witness,edge_length_witness,,eb170440665bb6d6e309112ca9a0b4c78014602324a5a94cdb786b5f9d26e027,runs_count,plain,18,3,"[1, 1, 16]","[1, [1, 16]]",50,17,33,53,35,False,,proved symbolic instrumentation (not maintained),10708,10625,18458,"[18458, 10708, 10625]"
smoke,test-edge-length_witness,edge_length_witness,,eb170440665bb6d6e309112ca9a0b4c78014602324a5a94cdb786b5f9d26e027,runs_count,staged_reference,18,3,"[1, 1, 16]","[1, [1, 16]]",50,17,33,53,35,False,,measured and independently checked,103542,100583,104667,"[100583, 103542, 104667]"
smoke,test-edge-length_witness,edge_length_witness,,eb170440665bb6d6e309112ca9a0b4c78014602324a5a94cdb786b5f9d26e027,runs_count,scan_only,18,3,"[1, 1, 16]","[1, [1, 16]]",50,17,33,53,35,False,,measured and independently checked,80500,80250,82666,"[80500, 80250, 82666]"
smoke,test-edge-length_witness,edge_length_witness,,eb170440665bb6d6e309112ca9a0b4c78014602324a5a94cdb786b5f9d26e027,runs_count,merge_only,18,3,"[1, 1, 16]","[1, [1, 16]]",50,17,33,53,35,False,,measured and independently checked,60416,58916,60792,"[60416, 58916, 60792]"
smoke,test-edge-length_witness,edge_length_witness,,eb170440665bb6d6e309112ca9a0b4c78014602324a5a94cdb786b5f9d26e027,runs_count,staged_direct,18,3,"[1, 1, 16]","[1, [1, 16]]",50,17,33,53,35,False,,measured and independently checked,36000,35583,39834,"[35583, 36000, 39834]"
smoke,test-edge-length_witness,edge_length_witness,,eb170440665bb6d6e309112ca9a0b4c78014602324a5a94cdb786b5f9d26e027,runs_length,reference,18,3,"[1, 1, 16]","[[1, 1], 16]",34,17,17,37,20,False,,measured and independently checked,76500,75916,85875,"[76500, 75916, 85875]"
smoke,test-edge-length_witness,edge_length_witness,,eb170440665bb6d6e309112ca9a0b4c78014602324a5a94cdb786b5f9d26e027,runs_length,counted,18,3,"[1, 1, 16]","[[1, 1], 16]",34,17,17,37,20,False,,measured and independently checked,29833,29583,30917,"[29833, 29583, 30917]"
smoke,test-edge-length_witness,edge_length_witness,,eb170440665bb6d6e309112ca9a0b4c78014602324a5a94cdb786b5f9d26e027,runs_length,plain,18,3,"[1, 1, 16]","[[1, 1], 16]",34,17,17,37,20,False,,proved symbolic instrumentation (not maintained),11208,10792,12334,"[10792, 11208, 12334]"
smoke,test-edge-length_witness,edge_length_witness,,eb170440665bb6d6e309112ca9a0b4c78014602324a5a94cdb786b5f9d26e027,runs_length,staged_reference,18,3,"[1, 1, 16]","[[1, 1], 16]",34,17,17,37,20,False,,measured and independently checked,74542,72584,76667,"[74542, 72584, 76667]"
smoke,test-edge-length_witness,edge_length_witness,,eb170440665bb6d6e309112ca9a0b4c78014602324a5a94cdb786b5f9d26e027,runs_length,scan_only,18,3,"[1, 1, 16]","[[1, 1], 16]",34,17,17,37,20,False,,measured and independently checked,48875,48833,52000,"[48833, 48875, 52000]"
smoke,test-edge-length_witness,edge_length_witness,,eb170440665bb6d6e309112ca9a0b4c78014602324a5a94cdb786b5f9d26e027,runs_length,merge_only,18,3,"[1, 1, 16]","[[1, 1], 16]",34,17,17,37,20,False,,measured and independently checked,54000,53583,54417,"[53583, 54417, 54000]"
smoke,test-edge-length_witness,edge_length_witness,,eb170440665bb6d6e309112ca9a0b4c78014602324a5a94cdb786b5f9d26e027,runs_length,staged_direct,18,3,"[1, 1, 16]","[[1, 1], 16]",34,17,17,37,20,False,,measured and independently checked,28875,26167,29917,"[28875, 29917, 26167]"
smoke,test-edge-pair,edge_pair,,22e7e927f66095ec7fff4b388f9d5f02bf47db28052a3ee866a29c168d4cc4e9,merge,reference,2,2,"[1, 1]",merge,1,0,1,2,,True,2,measured and independently checked,2541,2291,2667,"[2667, 2291, 2541]"
smoke,test-edge-pair,edge_pair,,22e7e927f66095ec7fff4b388f9d5f02bf47db28052a3ee866a29c168d4cc4e9,merge,counted,2,2,"[1, 1]",merge,1,0,1,2,,True,2,measured and independently checked,3166,3125,3250,"[3250, 3125, 3166]"
smoke,test-edge-pair,edge_pair,,22e7e927f66095ec7fff4b388f9d5f02bf47db28052a3ee866a29c168d4cc4e9,merge,plain,2,2,"[1, 1]",merge,1,0,1,2,,True,2,proved symbolic instrumentation (not maintained),1833,1709,1875,"[1833, 1709, 1875]"
smoke,test-edge-pair,edge_pair,,22e7e927f66095ec7fff4b388f9d5f02bf47db28052a3ee866a29c168d4cc4e9,hybrid_8,reference,2,2,"[1, 1]",hybrid_8,1,0,1,1,,True,1,measured and independently checked,2333,2000,2417,"[2417, 2000, 2333]"
smoke,test-edge-pair,edge_pair,,22e7e927f66095ec7fff4b388f9d5f02bf47db28052a3ee866a29c168d4cc4e9,hybrid_8,counted,2,2,"[1, 1]",hybrid_8,1,0,1,1,,True,1,measured and independently checked,2958,2916,3208,"[3208, 2916, 2958]"
smoke,test-edge-pair,edge_pair,,22e7e927f66095ec7fff4b388f9d5f02bf47db28052a3ee866a29c168d4cc4e9,hybrid_8,plain,2,2,"[1, 1]",hybrid_8,1,0,1,1,,True,1,proved symbolic instrumentation (not maintained),1584,1458,1708,"[1708, 1584, 1458]"
smoke,test-edge-pair,edge_pair,,22e7e927f66095ec7fff4b388f9d5f02bf47db28052a3ee866a29c168d4cc4e9,fixed_four,reference,2,2,"[1, 1]",fixed_four,1,0,1,4,,True,4,measured and independently checked,5167,4583,5542,"[5542, 5167, 4583]"
smoke,test-edge-pair,edge_pair,,22e7e927f66095ec7fff4b388f9d5f02bf47db28052a3ee866a29c168d4cc4e9,fixed_four,counted,2,2,"[1, 1]",fixed_four,1,0,1,4,,True,4,measured and independently checked,6166,6000,6167,"[6167, 6166, 6000]"
smoke,test-edge-pair,edge_pair,,22e7e927f66095ec7fff4b388f9d5f02bf47db28052a3ee866a29c168d4cc4e9,fixed_four,plain,2,2,"[1, 1]",fixed_four,1,0,1,4,,True,4,proved symbolic instrumentation (not maintained),2833,2625,2875,"[2833, 2875, 2625]"
smoke,test-edge-pair,edge_pair,,22e7e927f66095ec7fff4b388f9d5f02bf47db28052a3ee866a29c168d4cc4e9,runs_count,reference,2,2,"[1, 1]","[1, 1]",2,1,1,3,2,False,,measured and independently checked,4708,4292,4833,"[4833, 4292, 4708]"
smoke,test-edge-pair,edge_pair,,22e7e927f66095ec7fff4b388f9d5f02bf47db28052a3ee866a29c168d4cc4e9,runs_count,counted,2,2,"[1, 1]","[1, 1]",2,1,1,3,2,False,,measured and independently checked,5125,5083,5208,"[5208, 5125, 5083]"
smoke,test-edge-pair,edge_pair,,22e7e927f66095ec7fff4b388f9d5f02bf47db28052a3ee866a29c168d4cc4e9,runs_count,plain,2,2,"[1, 1]","[1, 1]",2,1,1,3,2,False,,proved symbolic instrumentation (not maintained),2542,2458,2625,"[2625, 2542, 2458]"
smoke,test-edge-pair,edge_pair,,22e7e927f66095ec7fff4b388f9d5f02bf47db28052a3ee866a29c168d4cc4e9,runs_count,staged_reference,2,2,"[1, 1]","[1, 1]",2,1,1,3,2,False,,measured and independently checked,4375,3625,4416,"[4375, 3625, 4416]"
smoke,test-edge-pair,edge_pair,,22e7e927f66095ec7fff4b388f9d5f02bf47db28052a3ee866a29c168d4cc4e9,runs_count,scan_only,2,2,"[1, 1]","[1, 1]",2,1,1,3,2,False,,measured and independently checked,4250,4208,4417,"[4417, 4208, 4250]"
smoke,test-edge-pair,edge_pair,,22e7e927f66095ec7fff4b388f9d5f02bf47db28052a3ee866a29c168d4cc4e9,runs_count,merge_only,2,2,"[1, 1]","[1, 1]",2,1,1,3,2,False,,measured and independently checked,4500,4416,4542,"[4542, 4416, 4500]"
smoke,test-edge-pair,edge_pair,,22e7e927f66095ec7fff4b388f9d5f02bf47db28052a3ee866a29c168d4cc4e9,runs_count,staged_direct,2,2,"[1, 1]","[1, 1]",2,1,1,3,2,False,,measured and independently checked,4500,4334,5167,"[4500, 5167, 4334]"
smoke,test-edge-pair,edge_pair,,22e7e927f66095ec7fff4b388f9d5f02bf47db28052a3ee866a29c168d4cc4e9,runs_length,reference,2,2,"[1, 1]","[1, 1]",2,1,1,3,2,False,,measured and independently checked,5792,4958,5833,"[5833, 4958, 5792]"
smoke,test-edge-pair,edge_pair,,22e7e927f66095ec7fff4b388f9d5f02bf47db28052a3ee866a29c168d4cc4e9,runs_length,counted,2,2,"[1, 1]","[1, 1]",2,1,1,3,2,False,,measured and independently checked,6000,5333,6125,"[6125, 5333, 6000]"
smoke,test-edge-pair,edge_pair,,22e7e927f66095ec7fff4b388f9d5f02bf47db28052a3ee866a29c168d4cc4e9,runs_length,plain,2,2,"[1, 1]","[1, 1]",2,1,1,3,2,False,,proved symbolic instrumentation (not maintained),3459,3375,3625,"[3625, 3375, 3459]"
smoke,test-edge-pair,edge_pair,,22e7e927f66095ec7fff4b388f9d5f02bf47db28052a3ee866a29c168d4cc4e9,runs_length,staged_reference,2,2,"[1, 1]","[1, 1]",2,1,1,3,2,False,,measured and independently checked,5208,4583,5208,"[5208, 4583, 5208]"
smoke,test-edge-pair,edge_pair,,22e7e927f66095ec7fff4b388f9d5f02bf47db28052a3ee866a29c168d4cc4e9,runs_length,scan_only,2,2,"[1, 1]","[1, 1]",2,1,1,3,2,False,,measured and independently checked,5250,5250,5291,"[5291, 5250, 5250]"
smoke,test-edge-pair,edge_pair,,22e7e927f66095ec7fff4b388f9d5f02bf47db28052a3ee866a29c168d4cc4e9,runs_length,merge_only,2,2,"[1, 1]","[1, 1]",2,1,1,3,2,False,,measured and independently checked,5459,5417,5666,"[5459, 5666, 5417]"
smoke,test-edge-pair,edge_pair,,22e7e927f66095ec7fff4b388f9d5f02bf47db28052a3ee866a29c168d4cc4e9,runs_length,staged_direct,2,2,"[1, 1]","[1, 1]",2,1,1,3,2,False,,measured and independently checked,5459,5375,6417,"[5459, 6417, 5375]"
